Title,Genre,Duration,Rating,Votes
Dune: Part Two,Comedy,2h 46m,8.5,(610K)
Venom: The Last Dance,Comedy,1h 50m,6.0,(105K)
Gladiator II,Comedy,2h 28m,6.6,(213K)
Sonic the Hedgehog 3,Comedy,1h 50m,6.9,(51K)
The Lord of the Rings: The War of the Rohirrim,Comedy,2h 14m,6.3,(27K)
William Tell,Comedy,2h 13m,5.8,(1.4K)
Kraven the Hunter,Comedy,2h 7m,5.4,(42K)
Pushpa: The Rule - Part 2,Comedy,3h 21m,6.1,(53K)
Furiosa: A Mad Max Saga,Comedy,2h 28m,7.5,(278K)
Elevation,Comedy,1h 31m,5.6,(19K)
Borderlands,Comedy,1h 41m,4.7,(44K)
Deadpool & Wolverine,Comedy,2h 8m,7.6,(478K)
The Ministry of Ungentlemanly Warfare,Comedy,2h 2m,6.8,(131K)
Civil War,Comedy,1h 49m,7.0,(231K)
The Count of Monte-Cristo,Comedy,2h 58m,7.6,(32K)
Twisters,Comedy,2h 2m,6.5,(159K)
Carry-On,Comedy,1h 59m,6.5,(158K)
The Crow,Comedy,1h 51m,4.7,(32K)
Marco,Comedy,2h 25m,7.0,(20K)
The Fall Guy,Comedy,2h 6m,6.8,(215K)
The Beekeeper,Comedy,1h 45m,6.3,(152K)
Kingdom of the Planet of the Apes,Comedy,2h 25m,6.9,(149K)
Madame Web,Comedy,1h 56m,4.0,(99K)
Homestead,Comedy,1h 52m,5.4,(3.2K)
Rebel Ridge,Comedy,2h 11m,6.8,(85K)
Red One,Comedy,2h 3m,6.3,(137K)
Thelma,Comedy,1h 38m,7.0,(21K)
Hellboy: The Crooked Man,Comedy,1h 39m,4.5,(12K)
Old Guy,Comedy,1h 34m,5.1,(1.5K)
Road House,Comedy,2h 1m,6.2,(165K)
Transformers One,Comedy,1h 44m,7.6,(47K)
Attack on Titan the Movie: The Last Attack,Comedy,2h 25m,9.3,(14K)
Bad Boys: Ride or Die,Comedy,1h 55m,6.5,(98K)
Argylle,Comedy,2h 19m,5.6,(91K)
Damsel,Comedy,1h 50m,6.1,(108K)
Solo Leveling: ReAwakening,Comedy,2h 1m,8.7,(6K)
Monkey Man,Comedy,2h 1m,6.8,(90K)
Love Lies Bleeding,Comedy,1h 44m,6.6,(55K)
Aftermath,Comedy,1h 37m,5.1,(3.3K)
Godzilla x Kong: The New Empire,Comedy,1h 55m,6.1,(119K)
Baby John,Comedy,2h 39m,5.4,(17K)
The Union,Comedy,1h 47m,5.4,(52K)
Freaky Tales,Comedy,1h 46m,6.5,(362)
Land of Bad,Comedy,1h 53m,6.6,(50K)
The Killer's Game,Comedy,1h 44m,5.7,(16K)
Absolution,Comedy,1h 52m,5.2,(7.3K)
Azrael,Comedy,1h 26m,5.4,(10K)
Drive-Away Dolls,Comedy,1h 24m,5.4,(23K)
Uglies,Comedy,1h 40m,4.7,(32K)
Blitz,Comedy,2h,6.2,(15K)
Arcadian,Comedy,1h 32m,5.5,(22K)
Werewolves,Comedy,1h 33m,4.4,(5.9K)
Kung Fu Panda 4,Comedy,1h 34m,6.3,(66K)
Descendants: The Rise of Red,Comedy,1h 31m,4.7,(6.9K)
The Killer,Comedy,2h 6m,5.7,(12K)
Lift,Comedy,1h 47m,5.5,(49K)
Beverly Hills Cop: Axel F,Comedy,1h 58m,6.4,(80K)
The Instigators,Comedy,1h 41m,6.2,(37K)
Weekend in Taipei,Comedy,1h 40m,5.7,(4.3K)
Apocalypse Z: The Beginning of the End,Comedy,1h 57m,6.1,(19K)
Brothers,Comedy,1h 29m,5.4,(13K)
Maharaja,Comedy,2h 21m,8.4,(65K)
11 Rebels,Comedy,2h 35m,6.2,(230)
Hagen,Comedy,2h 19m,6.1,(949)
Canary Black,Comedy,1h 41m,5.4,(11K)
Watchmen: Chapter I,Comedy,1h 23m,7.0,(6.2K)
Atlas,Comedy,1h 58m,5.6,(55K)
Long Gone Heroes,Comedy,1h 41m,5.2,(940)
The Silent Hour,Comedy,1h 39m,6.1,(6.9K)
Kalki 2898-AD,Comedy,3h,7.0,(66K)
Dirty Angels,Comedy,1h 44m,4.3,(3.1K)
Hitpig,Comedy,1h 26m,5.1,(812)
The Shadow Strays,Comedy,2h 24m,6.5,(8.9K)
Classified,Comedy,1h 45m,3.7,(2.2K)
Survive,Comedy,1h 30m,4.6,(2K)
Rebel Moon - Part Two: The Scargiver,Comedy,2h 2m,5.3,(59K)
Cash Out,Comedy,1h 32m,4.8,(2.8K)
Jackpot!,Comedy,1h 46m,5.8,(30K)
Dominique,Comedy,1h 40m,5.2,(2.1K)
Twilight of the Warriors: Walled In,Comedy,2h 6m,7.0,(8.8K)
Trigger Warning,Comedy,1h 46m,4.6,(19K)
Under Paris,Comedy,1h 44m,5.2,(36K)
Gunner,Comedy,1h 46m,3.2,(2.3K)
No Way Up,Comedy,1h 30m,4.6,(10K)
Boneyard,Comedy,1h 36m,4.1,(4.8K)
Watchmen: Chapter II,Comedy,1h 30m,7.0,(2.7K)
Death Whisperer 2,Comedy,1h 50m,6.4,(1.2K)
Armor,Comedy,1h 29m,3.5,(3.6K)
Megamind vs. The Doom Syndicate,Comedy,1h 23m,2.5,(5.4K)
Night Call,Comedy,1h 37m,6.8,(1.7K)
Aavesham,Comedy,2h 35m,7.8,(27K)
Panda Plan,Comedy,1h 39m,5.1,(1.1K)
Agents,Comedy,1h 22m,3.8,(866)
Red Right Hand,Comedy,1h 51m,5.5,(5.7K)
Damaged,Comedy,1h 37m,4.7,(7.1K)
Levels,Comedy,1h 33m,5.0,(1.4K)
River of Blood,Comedy,1h 26m,5.4,(1.5K)
Role Play,Comedy,1h 40m,5.5,(19K)
Max,Comedy,2h 12m,7.2,(3.2K)
Take Cover,Comedy,1h 30m,5.1,(2.3K)
Harbin,Comedy,1h 48m,6.6,(464)
Amaran,Comedy,2h 47m,8.2,(18K)
Chief of Station,Comedy,1h 37m,4.7,(4.3K)
My Hero Academia: You're Next,Comedy,1h 50m,7.0,(1.9K)
Trouble,Comedy,1h 38m,6.2,(6.6K)
My Spy: The Eternal City,Comedy,1h 52m,5.7,(11K)
Sunray: Fallen Soldier,Comedy,1h 55m,4.3,(574)
Joe Baby,Comedy,1h 26m,8.2,(24)
Uprising,Comedy,2h 6m,6.6,(5.3K)
Elyas,Comedy,1h 45m,6.1,(1.2K)
Dark Match,Comedy,1h 34m,5.5,(812)
The Thundermans Return,Comedy,1h 10m,5.0,(1.8K)
Deep Six,Comedy,1h 34m,3.4,(210)
Code 8: Part II,Comedy,1h 40m,5.7,(16K)
The Fix,Comedy,1h 38m,4.6,(1.1K)
Singham Again,Comedy,2h 24m,4.8,(75K)
Rifle Club,Comedy,1h 53m,7.0,(3.9K)
Simarik,Comedy,1h 51m,6.4,(2.3K)
Hounds of War,Comedy,1h 35m,4.5,(1.7K)
Sikandar ka Muqaddar,Comedy,2h 22m,6.0,(24K)
Drive Back,Comedy,1h 34m,4.7,(286)
Rats!,Comedy,1h 25m,8.2,(74)
Justice League: Crisis on Infinite Earths - Part One,Comedy,1h 33m,6.2,(8.3K)
Prey,Comedy,1h 26m,3.7,(3.2K)
Badland Hunters,Comedy,1h 47m,5.9,(12K)
The Lost Tiger,Comedy,1h 30m,7.8,(31)
The Courier,Comedy,1h 41m,6.0,(4.3K)
The Roundup: Punishment,Comedy,1h 49m,6.6,(5K)
Raayan,Comedy,2h 25m,6.5,(11K)
Darkness of Man,Comedy,1h 49m,4.8,(3.1K)
Cells at Work!,Comedy,1h 49m,6.8,(157)
Officer Black Belt,Comedy,1h 48m,6.8,(7.9K)
The Prosecutor,Comedy,1h 57m,6.8,(1.3K)
Duchess,Comedy,1h 54m,4.6,(1.2K)
Justice League: Crisis on Infinite Earths - Part Three,Comedy,1h 34m,6.1,(4.3K)
The Price of Money: A Largo Winch Adventure,Comedy,1h 40m,5.1,(1K)
The Wages of Fear,Comedy,1h 44m,4.6,(4K)
Bougainvillea,Comedy,2h 18m,6.4,(3K)
The Quiet Ones,Comedy,1h 50m,6.5,(502)
Pani,Comedy,2h 23m,6.9,(2.7K)
The Tiger's Apprentice,Comedy,1h 24m,5.8,(2.1K)
Arena Wars,Comedy,1h 36m,5.0,(2K)
Devara Part 1,Comedy,2h 56m,6.0,(20K)
Karma,Comedy,2h 47m,8.1,(1.4K)
City Hunter,Comedy,1h 42m,6.3,(5.5K)
"I, the Executioner",Comedy,1h 58m,6.3,(1.5K)
One Fast Move,Comedy,1h 48m,5.0,(2.2K)
One More Shot,Comedy,1h 43m,5.4,(3.5K)
Golden Kamuy,Comedy,2h 7m,6.3,(2.5K)
Utopia,Comedy,1h 31m,3.7,(335)
Cloud,Comedy,2h 3m,6.3,(882)
Fight Another Day,Comedy,1h 37m,5.1,(320)
Article 370,Comedy,2h 38m,7.8,(24K)
Air Force One Down,Comedy,1h 24m,4.4,(2.8K)
Lights Out,Comedy,1h 30m,4.9,(1.7K)
Ultraman: Rising,Comedy,1h 57m,6.9,(6.2K)
200% Wolf,Comedy,1h 38m,6.0,(1.3K)
Fighter,Comedy,2h 46m,6.2,(52K)
Life After Fighting,Comedy,2h 6m,6.4,(1.9K)
Continental Split,Comedy,1h 28m,3.5,(531)
Die Hart: Die Harter,Comedy,1h 32m,4.3,(5.4K)
The Family Star,Comedy,2h 39m,5.4,(5.4K)
Zero,Comedy,1h 28m,6.1,(37)
Angels Fallen: Warriors of Peace,Comedy,1h 43m,4.9,(5.8K)
Latency,Comedy,1h 34m,4.2,(1.7K)
Kill Em All 2,Comedy,1h 28m,4.1,(1.3K)
Echo 8,Comedy,1h 36m,5.5,(156)
Agent Recon,Comedy,1h 25m,2.4,(656)
Dan Da Dan: First Encounter,Comedy,1h 23m,8.2,(2.5K)
Murder Company,Comedy,1h 26m,3.6,(1.5K)
Ferry 2,Comedy,1h 34m,5.6,(3.7K)
Operation Blood Hunt,Comedy,1h 33m,3.4,(453)
Freedom,Comedy,1h 50m,5.9,(1.3K)
Get Fast,Comedy,1h 28m,3.6,(432)
Hijack 1971,Comedy,1h 40m,6.8,(3.2K)
Dharmarakshak Mahaveer Chhatrapati Sambhaji Maharaj,Comedy,2h 54m,8.2,(642)
Anaconda,Comedy,1h 24m,4.9,(599)
Alien: Rubicon,Comedy,1h 26m,2.4,(327)
A Legend,Comedy,2h 9m,4.7,(852)
Alangu,Comedy,2h 11m,8.3,(1.1K)
Wynonna Earp: Vengeance,Comedy,1h 36m,5.6,(1.5K)
Jigra,Comedy,2h 33m,6.0,(23K)
Striking Rescue,Comedy,1h 46m,5.7,(317)
Diabel,Comedy,1h 48m,5.1,(192)
The Clean Up Crew,Comedy,1h 35m,4.1,(1.1K)
The Hangman,Comedy,1h 32m,3.3,(983)
Justice League: Crisis on Infinite Earths - Part Two,Comedy,1h 34m,5.5,(5.2K)
Invasion,Comedy,1h 31m,4.8,(662)
Savi,Comedy,2h 6m,6.2,(35K)
Spiders on a Plane,Comedy,1h 18m,5.9,(358)
Agni,Comedy,2h 2m,7.3,(15K)
Revolver,Comedy,1h 54m,5.4,(815)
Terminator: Skynet Rising,Comedy,1h 28m,6.8,(257)
Hanu Man,Comedy,2h 38m,7.7,(29K)
Demon Slayer: Kimetsu No Yaiba - To the Hashira Training,Comedy,1h 44m,7.1,(8.2K)
Sixty Minutes,Comedy,1h 28m,5.7,(5.1K)
Escape,Comedy,1h 34m,6.4,(1.9K)
Murder at Hollow Creek,Comedy,N/A,4.2,(77)
The Last Kumite,Comedy,1h 45m,4.6,(2.3K)
London Calling,Comedy,1h 49m,6.5,(8)
Outlaw,Comedy,1h 22m,5.2,(897)
The Greatest of All Time,Comedy,3h 3m,5.8,(22K)
Overlord: The Sacred Kingdom,Comedy,2h 15m,7.0,(693)
72 Hours,Comedy,1h 27m,4.1,(279)
Cassino in Ischia,Comedy,1h 53m,4.4,(229)
Vettaiyan,Comedy,2h 43m,7.0,(39K)
Baby Invasion,Comedy,1h 20m,5.4,(51)
Heart of the Hunter,Comedy,1h 45m,4.7,(2.1K)
Alienoid: The Return to the Future,Comedy,2h 2m,6.5,(2.5K)
Handsome Guys,Comedy,1h 41m,6.5,(738)
Snow White and the Seven Samurai,Comedy,1h 28m,3.2,(259)
Operation Undead,Comedy,1h 50m,4.6,(346)
Wanted Man,Comedy,1h 25m,4.8,(2.5K)
Razakar: The Silent Genocide of Hyderabad,Comedy,2h 46m,7.4,(5.2K)
"Love, Courage and the Battle of Bushy Run",Comedy,1h 53m,5.0,(168)
Bagheera,Comedy,2h 38m,6.7,(7.2K)
Kingdom 4: Return of the Great General,Comedy,2h 25m,7.1,(1.2K)
The Lockdown,Comedy,1h 57m,4.3,(593)
War of the Worlds: Extinction,Comedy,1h 24m,3.0,(170)
Ryan's World the Movie: Titan Universe Adventure,Comedy,1h 20m,1.8,(629)
Viduthalai Part 2,Comedy,2h 50m,8.0,(15K)
GTMax,Comedy,1h 40m,5.0,(1.2K)
Yodha,Comedy,2h 10m,5.7,(8.8K)
The Last Front,Comedy,1h 38m,5.5,(596)
Mura,Comedy,2h 9m,7.3,(6.2K)
The Last Ronin,Comedy,2h 1m,4.9,(218)
Vanvaas,Comedy,2h 40m,6.7,(1K)
Nice Girls,Comedy,1h 32m,4.2,(1.2K)
The Ballad of Davy Crockett,Comedy,1h 36m,4.6,(242)
12 Gaun,Comedy,2h 27m,6.3,(862)
Saripodhaa Sanivaaram,Comedy,2h 46m,7.0,(8.8K)
Chandu Champion,Comedy,2h 22m,7.8,(34K)
Sunset Superman,Comedy,1h 21m,6.1,(141)
Everybody Loves Jenifa,Comedy,2h 15m,8.4,(77)
Thangalaan,Comedy,2h 36m,6.6,(6.5K)
Kanguva,Comedy,2h 32m,4.6,(14K)
Je jatt Vigarh gya,Comedy,2h 12m,5.7,(811)
Guntur Karam,Comedy,2h 39m,5.4,(25K)
A.R.M,Comedy,2h 30m,7.1,(8.5K)
Vedaa,Comedy,2h 25m,6.0,(4.2K)
Devaki Nandana Vasudeva,Comedy,2h 8m,8.9,(2.7K)
Rogue Elements: A Ryan Drake Story,Comedy,44m,4.9,(911)
Memes & Nightmares,Comedy,1h 21m,5.7,(71)
12 to Midnight,Comedy,1h 36m,3.6,(270)
Mission: Cross,Comedy,1h 45m,6.1,(2.5K)
Roadkill,Comedy,1h 30m,3.6,(671)
Sobanggwan,Comedy,1h 46m,5.9,(140)
Escape from the 21st Century,Comedy,1h 38m,6.5,(797)
UI,Comedy,2h 15m,6.9,(5.6K)
Bachhala Malli,Comedy,2h 20m,8.3,(3.9K)
Lady Scorpions,Comedy,1h 41m,3.6,(360)
How to Rob a Bank,Comedy,1h 28m,6.6,(4.1K)
Shark Warning,Comedy,1h 34m,3.4,(245)
Alien Country,Comedy,1h 36m,4.4,(347)
WWII: Operation Phoenix,Comedy,1h 46m,6.7,(61)
Khadaan,Comedy,2h 17m,7.4,(1.9K)
Bionic,Comedy,1h 50m,4.3,(1.7K)
The Bouncer,Comedy,1h 18m,4.3,(80)
Mother Mafia,Comedy,1h 20m,3.3,(46)
Martin,Comedy,2h 27m,2.3,(36K)
Kuang Bao Ju Xi,Comedy,1h 15m,6.2,(66)
Sector 17,Comedy,2h 26m,7.4,(1.3K)
Yolo,Comedy,2h 9m,6.9,(3.6K)
Bade Miyan Chote Miyan,Comedy,2h 43m,3.8,(39K)
Baby Assassins: Nice Days,Comedy,1h 43m,7.3,(263)
The Twisters,Comedy,1h 26m,2.5,(314)
Hattichhap,Comedy,N/A,8.8,(747)
Hunting with Tigers,Comedy,1h 49m,5.6,(500)
Devil's Knight,Comedy,1h 30m,5.3,(758)
Rob N Roll,Comedy,1h 38m,6.1,(1.4K)
Bureau 749,Comedy,2h 3m,4.1,(495)
Auron Mein Kahan Dum Tha,Comedy,2h 30m,6.6,(40K)
40 Acres,Comedy,1h 53m,6.3,(96)
Toofan,Comedy,2h 25m,7.1,(6.1K)
Black Creek,Comedy,1h 56m,N/A,N/A
Citizen of a Kind,Comedy,1h 54m,6.7,(765)
Pimpinero: Blood and Oil,Comedy,2h 1m,5.7,(533)
Ka Whawhai Tonu,Comedy,1h 55m,7.4,(169)
Mu zhong wu ren 2,Comedy,1h 30m,6.5,(475)
The Friendly,Comedy,1h 41m,8.1,(15)
S.T.A.L.K.E.R.: Shadow of the Zone,Comedy,1h 12m,5.2,(446)
Hellhound,Comedy,1h 43m,4.3,(481)
School of Magical Animals 3,Comedy,1h 45m,5.8,(292)
Paradise,Comedy,1h 23m,6.9,(77)
Mummy Shark,Comedy,1h 6m,2.0,(165)
Bonus Trip,Comedy,1h 53m,4.5,(215)
Agastya - Chapter 1,Comedy,2h 48m,6.9,(576)
Kahar: Kapla High Council,Comedy,1h 42m,6.9,(437)
The Day Everything Changed,Comedy,1h 37m,7.9,(77)
Deaner '89,Comedy,1h 30m,5.9,(410)
Zebra,Comedy,2h 44m,8.0,(3.2K)
Bangkok Breaking: Fa Narok Mueang Thewada,Comedy,2h 26m,5.8,(651)
The Actor,Comedy,2h 8m,3.3,(720)
The Last of Us: Immunity,Comedy,1h 4m,6.4,(12)
Indian 2,Comedy,N/A,3.9,(16K)
Son's Will,Comedy,N/A,7.4,(831)
Tillu Square,Comedy,2h 17m,6.6,(3.4K)
Crakk - Jeethegaa Toh Jiyegaa!,Comedy,2h 34m,4.7,(6.4K)
Captain Miller,Comedy,2h 37m,6.5,(8.6K)
The Charisma Killers,Comedy,1h 41m,6.0,(506)
Siren,Comedy,2h 34m,6.4,(2.9K)
Reapers,Comedy,N/A,8.7,(572)
Yudhra,Comedy,2h 22m,5.0,(13K)
Ayalaan,Comedy,2h 35m,6.0,(3.9K)
Orang Ikan,Comedy,1h 23m,6.5,(31)
Timuchin,Comedy,N/A,6.2,(16)
Mr. Bachchan,Comedy,2h 30m,3.6,(5.2K)
Sorgavaasal,Comedy,2h 18m,6.6,(1.3K)
Taklee Genesis x Worlds Collide,Comedy,2h 26m,5.5,(381)
Non Negotiable,Comedy,1h 27m,5.4,(1.2K)
Witch Hunter,Comedy,1h 20m,5.1,(21)
Barroz,Comedy,2h 35m,3.6,(931)
The Kingdom,Comedy,2h 13m,7.9,(84)
(Pri)sons,Comedy,1h 40m,5.0,(246)
Bangkok Dog,Comedy,1h 25m,6.4,(94)
Crisis Negotiators,Comedy,2h,6.7,(690)
My Redneck Neighbor: Chapter 2 - Let the Games Begin,Comedy,55m,N/A,N/A
Sheriff,Comedy,2h 13m,6.9,(1.1K)
The Miranda Brothers,Comedy,1h 39m,4.4,(185)
Sasan,Comedy,2h 35m,8.5,(61)
I Heart Robots,Comedy,1h 16m,4.6,(2.3K)
Baki Hanma VS Kengan Ashura,Comedy,1h 2m,5.7,(1.9K)
Bidurbhai,Comedy,2h 28m,9.2,(373)
Troubleshooters,Comedy,1h 50m,6.4,(397)
Xiong Shi Shao Nian 2,Comedy,2h 14m,7.5,(181)
Fyre Rises,Comedy,1h 50m,6.5,(321)
Art of Eight Limbs,Comedy,1h 41m,4.0,(302)
Eagle,Comedy,2h 39m,5.9,(4.9K)
KA,Comedy,2h 31m,7.2,(1.5K)
No Time to Spy: A Loud House Movie,Comedy,1h 21m,6.4,(431)
Kamen Rider 555 20th: Paradise Regained,Comedy,1h 5m,5.9,(138)
Big Rage,Comedy,1h 55m,3.7,(147)
Guy Manley: Super Spy,Comedy,1h 32m,4.5,(115)
Thundu,Comedy,2h 5m,5.0,(897)
Garudan,Comedy,2h 13m,7.1,(3.3K)
Gandhi 3,Comedy,2h 23m,5.5,(229)
My Fathers' Daughter,Comedy,1h 18m,6.6,(68)
Mobile Suit Gundam SEED Freedom,Comedy,2h 4m,6.6,(921)
Zui hou yi quan,Comedy,1h 47m,5.6,(13)
American Warrior,Comedy,1h 29m,8.8,(23)
Sayen: The Huntress,Comedy,1h 28m,4.4,(249)
Love You to Debt,Comedy,2h 15m,6.2,(744)
Clone Cops,Comedy,1h 36m,8.1,(185)
The Omicron Killer,Comedy,1h 38m,2.9,(593)
Kaveri,Comedy,1h 41m,9.1,(1.5K)
Double iSmart,Comedy,2h 36m,2.9,(2.1K)
Nothing Even Matters,Comedy,1h 30m,5.3,(70)
Anunnakiler,Comedy,1h 16m,2.6,(424)
Warrior Awang and Master Tok Gajah,Comedy,1h 58m,4.6,(472)
Pottel,Comedy,2h 28m,8.3,(2.7K)
Aserb: The Squadron,Comedy,2h,5.2,(295)
Ape X Mecha Ape: New World Order,Comedy,1h 27m,2.7,(126)
Drive,Comedy,1h 30m,5.6,(309)
Deadzone,Comedy,1h 20m,4.2,(33)
Mission: Chapter 1,Comedy,2h 24m,5.9,(1.7K)
They Call Her Death,Comedy,1h 32m,6.2,(22)
Dange,Comedy,2h 34m,5.4,(785)
Midas,Comedy,1h 25m,4.6,(331)
Bohurupi,Comedy,2h 35m,8.3,(1.4K)
Bhaiyya Ji,Comedy,2h 30m,4.8,(7.3K)
Fighting the Fire,Comedy,1h 55m,8.6,(1.7K)
Lisabi: The Uprising,Comedy,1h 47m,6.4,(121)
Umro Ayyar - A New Beginning,Comedy,2h 15m,6.9,(669)
Rode College,Comedy,2h 48m,6.6,(421)
Codename: Devil,Comedy,1h 44m,N/A,N/A
Sucha Soorma,Comedy,2h 16m,6.5,(905)
The Unbreakable Bunch,Comedy,N/A,7.4,(24)
Black Heat,Comedy,1h 33m,7.8,(19)
Hunt the Wicked,Comedy,1h 42m,5.2,(104)
Ten Toes Down,Comedy,N/A,8.0,(31)
Road Wars: Max Fury,Comedy,1h 23m,2.0,(349)
Prepare to Die,Comedy,1h 33m,4.6,(228)
Nu Huo 12 Xiao Shi,Comedy,1h 26m,6.1,(42)
Rendel: Cycle of Revenge,Comedy,1h 39m,3.6,(241)
Kizumonogatari: Koyomi Vamp,Comedy,2h 24m,6.9,(79)
Anchakkallakokkan,Comedy,2h 6m,6.6,(998)
Ship of the Damned,Comedy,1h 28m,2.8,(293)
Conquer: Lahad Datu,Comedy,2h,6.7,(493)
24 Hours to D-Day,Comedy,1h 23m,5.0,(29)
Mirza: Part 1 - Joker,Comedy,2h 45m,6.8,(236)
Snatched,Comedy,1h 41m,4.9,(204)
Kondal,Comedy,2h 27m,5.4,(761)
6 Hours Away,Comedy,1h 33m,3.9,(238)
In Tenebras: Into the Darkness,Comedy,1h 30m,3.2,(171)
Cesium Fallout,Comedy,2h 16m,6.7,(406)
Where Is Gilgamesh?,Comedy,1h 30m,9.0,(603)
Kadakan,Comedy,2h 8m,4.0,(110)
Big City Greens the Movie: Spacecation,Comedy,N/A,6.2,(528)
The Epidemic,Comedy,1h 35m,5.8,(68)
Yuva,Comedy,2h 33m,5.8,(833)
How to Make a Werewolf,Comedy,N/A,5.6,(82)
Team of Two,Comedy,N/A,5.1,(106)
Rang De Basanti,Comedy,2h 54m,8.8,(144)
Ballistic,Comedy,1h 35m,2.3,(161)
Camp Blood: Clown Shark,Comedy,1h 10m,3.3,(82)
Turbo,Comedy,2h 35m,5.9,(3.5K)
The Mick and the Trick,Comedy,1h 36m,5.0,(75)
What Happens in Miami,Comedy,1h 30m,4.3,(218)
Buddy,Comedy,2h 17m,3.8,(338)
Operation Hope,Comedy,N/A,7.0,(22)
Matka,Comedy,2h 36m,4.7,(571)
High Forces,Comedy,1h 59m,5.8,(495)
Malayalee from India,Comedy,2h 40m,5.6,(5K)
The Bodyguard,Comedy,1h 27m,6.7,(25)
Mutant,Comedy,1h 30m,4.5,(57)
The Legend Hunters,Comedy,N/A,4.8,(15)
Formed Police Unit,Comedy,2h,4.6,(471)
Shark Island,Comedy,1h 21m,4.0,(114)
Naam,Comedy,2h 16m,6.5,(273)
The Moon Thieves,Comedy,1h 48m,6.2,(222)
Case Files,Comedy,N/A,N/A,N/A
Bhairadevi,Comedy,2h 14m,8.8,(43)
The Circuit 4: Faith Fighter,Comedy,1h 30m,4.4,(86)
100 Crores,Comedy,N/A,6.1,(4K)
Jithender Reddy,Comedy,2h 16m,9.5,(2.3K)
Toemalog,Comedy,1h 25m,7.0,(61)
The Waiter,Comedy,N/A,7.9,(19)
Hide and Seek,Comedy,2h 10m,8.2,(54)
Kung Fu Games,Comedy,1h 38m,3.3,(373)
Neon Fear,Comedy,40m,6.1,(373)
Yi ren zhi xia,Comedy,2h 14m,5.3,(198)
September Babies,Comedy,1h 34m,6.5,(280)
Akabane Honeko no Bodyguard,Comedy,1h 57m,6.0,(34)
Ghost Killer,Comedy,1h 45m,7.2,(57)
Saint Young Men: Holy Men vs Demon Army,Comedy,1h 33m,3.0,(13)
Sons of Rizk 3,Comedy,2h 5m,6.7,(1.6K)
Stuntman,Comedy,1h 54m,7.0,(133)
Spirit Riser,Comedy,1h 38m,6.7,(33)
Red vs. Blue: Restoration,Comedy,1h 25m,5.6,(134)
Dragon Ball Kai: Doragon Bôru Kai,Comedy,1h 22m,8.4,(65)
Six jours,Comedy,1h 35m,6.3,(96)
Checkmate,Comedy,1h 44m,4.3,(378)
Blade of Fury,Comedy,1h 30m,6.1,(110)
The Slave and the Sorcerer,Comedy,1h 26m,6.7,(37)
Buying Time,Comedy,1h 24m,6.6,(244)
Customs Frontline,Comedy,1h 55m,5.4,(458)
Purushothamudu,Comedy,2h,4.9,(2.2K)
Get Close 2,Comedy,N/A,5.7,(44)
Hrashwo Deergha,Comedy,2h 30m,7.9,(79)
Petta Rap,Comedy,2h 3m,4.2,(1.7K)
Mechanic Rocky,Comedy,2h 36m,6.5,(3.4K)
Go for Broke,Comedy,1h 55m,5.6,(267)
Hotel Underground,Comedy,N/A,7.4,(59)
Wandafuru Purikyua! Za mubi! Doki Doki Game no Sekai de Daiboken,Comedy,1h 11m,6.8,(25)
Anthima Theerpu,Comedy,2h 13m,8.1,(1.5K)
The Alexandrian,Comedy,1h 44m,3.9,(246)
Raqa,Comedy,1h 47m,6.4,(56)
Dark Fusion,Comedy,1h 30m,8.5,(233)
Taken from Rio Bravo,Comedy,1h 20m,3.0,(307)
Bhaje Vaayu Vegam,Comedy,2h 16m,6.1,(540)
The Grey Men,Comedy,1h 37m,6.5,(69)
The Plot,Comedy,1h 40m,4.8,(359)
Sentimentaaal,Comedy,2h 15m,5.8,(970)
Dreams,Comedy,1h 46m,N/A,N/A
Bandaa Singh Chaudhary,Comedy,1h 53m,6.3,(5.2K)
Pranaya Godari,Comedy,2h 28m,7.8,(2.4K)
Bull Shark 2,Comedy,N/A,2.9,(150)
Rebel,Comedy,1h 40m,3.2,(63)
Death Game,Comedy,1h 28m,6.3,(24)
Roxana,Comedy,1h 38m,4.0,(63)
Thug in a Suit,Comedy,1h 40m,6.0,(137)
"Fool Me Once, Revenge on You",Comedy,N/A,7.0,(8)
Shockwaves 2,Comedy,1h 19m,2.8,(146)
Breaking and Re-entering,Comedy,1h 49m,5.8,(427)
Warning 2,Comedy,2h 5m,7.1,(878)
Next to Us,Comedy,2h 5m,4.9,(220)
Mazhai Pidikatha Manithan,Comedy,2h 13m,4.5,(416)
Oru Anveshanathinte Thudakkam,Comedy,3h 1m,7.1,(830)
The Experts,Comedy,2h 1m,6.2,(258)
Purushothamudu,Comedy,2h,7.7,(12)
The Wolfman,Comedy,N/A,N/A,N/A
Saala,Comedy,2h 10m,5.9,(1.1K)
Election,Comedy,2h,5.9,(805)
Premalo,Comedy,2h 8m,7.3,(1.1K)
Sabari,Comedy,2h 9m,8.4,(5.4K)
Losing Lerato 2,Comedy,1h 36m,9.1,(29)
Correr para Vivir,Comedy,1h 37m,7.0,(193)
Black Storm,Comedy,1h 37m,6.6,(65)
Türkler Çildirmis Olmali 2: Mavi Vatan,Comedy,1h 40m,2.2,(152)
Por,Comedy,2h 34m,5.0,(605)
Samandar,Comedy,2h 52m,7.6,(136)
Bastar: The Naxal Story,Comedy,2h 4m,6.4,(3.3K)
Dirty Money,Comedy,1h 40m,5.6,(106)
DNA,Comedy,2h 36m,5.2,(209)
Bheema,Comedy,2h 28m,5.8,(947)
RSVP,Comedy,N/A,4.9,(358)
Gold Raiders,Comedy,1h 28m,2.0,(178)
London Gangsters,Comedy,1h 44m,4.2,(10)
Delivery Run,Comedy,N/A,8.5,(11)
Komandir,Comedy,2h 11m,6.3,(512)
First Nights at Freddy's,Comedy,1h 38m,9.2,(13)
Bond: Kizuna,Comedy,1h 32m,6.1,(17)
Appudo Ippudo Eppudo,Comedy,2h,4.7,(226)
Kill Craft,Comedy,1h 39m,2.3,(361)
Bolero,Comedy,N/A,3.2,(25)
Chaari 111,Comedy,2h 10m,4.8,(254)
Kali,Comedy,1h 36m,5.1,(405)
Mister Gates,Comedy,N/A,8.8,(27)
Saindhav,Comedy,2h 18m,5.0,(1.6K)
Andromeda: 1883,Comedy,N/A,3.5,(15)
Transformers Prime: Galavatron's Revenge,Comedy,1h 44m,N/A,N/A
Mongol,Comedy,2h 35m,8.7,(88)
Touchdown,Comedy,1h 18m,6.8,(13)
Bonnie,Comedy,2h,7.4,(32)
Reloaded 2,Comedy,45m,8.1,(996)
Texas Twister,Comedy,1h 28m,2.5,(156)
The Wild Blade of Strangers,Comedy,1h 42m,6.6,(106)
Star Abyss,Comedy,1h 26m,3.8,(239)
Babu,Comedy,2h 22m,7.7,(179)
Polar,Comedy,1h 16m,4.4,(28)
Hit List,Comedy,2h 5m,5.5,(309)
Target Jeremy,Comedy,N/A,N/A,N/A
Heavens: The Boy and His Robot,Comedy,1h 38m,6.3,(21)
Rajakili,Comedy,2h 2m,8.8,(536)
Day Labor,Comedy,N/A,6.5,(83)
The Vampire and the Vigilante,Comedy,1h 15m,3.6,(46)
Desperate Sniper,Comedy,1h 26m,N/A,N/A
Operation Valentine,Comedy,2h 13m,5.3,(1.4K)
Ghosts of Red Ridge,Comedy,1h 21m,3.3,(144)
Permafrost,Comedy,1h 20m,5.7,(111)
Gone with the Dead the Movie,Comedy,1h 36m,5.3,(38)
Shekko,Comedy,2h,5.9,(530)
The Dakota War: Chase,Comedy,N/A,N/A,N/A
Sikaar,Comedy,2h 30m,8.3,(674)
Ruslaan,Comedy,2h,3.3,(1.2K)
South Side Hero,Comedy,1h 32m,5.6,(35)
The Infallibles,Comedy,1h 39m,4.8,(744)
Karma,Comedy,1h 51m,4.5,(17)
Naag Bhoomi,Comedy,2h 10m,5.7,(7)
Captain Avispa,Comedy,1h 36m,5.8,(171)
Raktaksha,Comedy,1h 58m,8.5,(1.4K)
Iddaru,Comedy,2h 28m,9.2,(293)
Iron Fighter,Comedy,1h 20m,3.6,(54)
Average Student Nani,Comedy,2h 18m,8.1,(2.2K)
Malaikottai Vaaliban,Comedy,2h 36m,6.0,(4.1K)
Bad Business,Comedy,N/A,6.9,(56)
Pins & Needles,Comedy,N/A,N/A,N/A
Gam Gam Ganesha,Comedy,2h 20m,5.3,(307)
Young Lion of the West,Comedy,1h 33m,8.1,(105)
Aho Vikramaarka,Comedy,2h 16m,7.4,(53)
Bloodline,Comedy,1h 20m,9.1,(44)
Mahadev Ka Gorakhpur,Comedy,2h 11m,7.8,(367)
Cândido,Comedy,1h 39m,6.3,(57)
The Wolf,Comedy,N/A,3.6,(34)
Abudeka Is Back,Comedy,2h,5.3,(24)
Tòkunbò,Comedy,1h 53m,3.9,(288)
Ame no naka no yokujô,Comedy,2h 12m,6.0,(66)
Shu Si Yi Bo,Comedy,1h 31m,6.6,(32)
Clownface 3,Comedy,1h 44m,9.4,(34)
Thiragabadara Saami,Comedy,1h 55m,6.4,(94)
