Title,Genre,Duration,Rating,Voting
Dune: Part Two,Action,2h 46m,8.5,610K
Venom: The Last Dance,Action,1h 50m,6,105K
Gladiator II,Action,2h 28m,6.6,213K
Sonic the Hedgehog 3,Action,1h 50m,6.9,51K
The Lord of the Rings: The War of the Rohirrim,Action,2h 14m,6.3,27K
William Tell,Action,2h 13m,5.7,1.4K
Kraven the Hunter,Action,2h 7m,5.4,42K
Pushpa: The Rule - Part 2,Action,3h 21m,6.1,53K
Furiosa: A Mad Max Saga,Action,2h 28m,7.5,278K
Elevation,Action,1h 31m,5.6,19K
Borderlands,Action,1h 41m,4.7,44K
Deadpool & Wolverine,Action,2h 8m,7.6,478K
The Ministry of Ungentlemanly Warfare,Action,2h 2m,6.8,131K
Civil War,Action,1h 49m,7,231K
The Count of Monte-Cristo,Action,2h 58m,7.6,32K
Twisters,Action,2h 2m,6.5,159K
Carry-On,Action,1h 59m,6.5,158K
The Crow,Action,1h 51m,4.7,32K
Marco,Action,2h 25m,7,19K
The Fall Guy,Action,2h 6m,6.8,215K
The Beekeeper,Action,1h 45m,6.3,152K
Kingdom of the Planet of the Apes,Action,2h 25m,6.9,149K
Madame Web,Action,1h 56m,4,99K
Homestead,Action,1h 52m,5.4,3.2K
Rebel Ridge,Action,2h 11m,6.8,85K
Red One,Action,2h 3m,6.3,137K
Thelma,Action,1h 38m,7,21K
Hellboy: The Crooked Man,Action,1h 39m,4.5,12K
Old Guy,Action,1h 34m,5.1,1.5K
Road House,Action,2h 1m,6.2,165K
Transformers One,Action,1h 44m,7.6,47K
Attack on Titan the Movie: The Last Attack,Action,2h 25m,9.3,14K
Bad Boys: Ride or Die,Action,1h 55m,6.5,98K
Argylle,Action,2h 19m,5.6,91K
Damsel,Action,1h 50m,6.1,108K
Solo Leveling: ReAwakening,Action,2h 1m,8.7,6K
Monkey Man,Action,2h 1m,6.8,90K
Love Lies Bleeding,Action,1h 44m,6.6,55K
Aftermath,Action,1h 37m,5.1,3.3K
Godzilla x Kong: The New Empire,Action,1h 55m,6.1,119K
Baby John,Action,2h 39m,5.4,17K
The Union,Action,1h 47m,5.4,52K
Freaky Tales,Action,1h 46m,6.5,362
Land of Bad,Action,1h 53m,6.6,50K
The Killer's Game,Action,1h 44m,5.7,16K
Absolution,Action,1h 52m,5.2,7.3K
Azrael,Action,1h 26m,5.4,10K
Drive-Away Dolls,Action,1h 24m,5.4,23K
Uglies,Action,1h 40m,4.7,32K
Blitz,Action,2h,6.2,15K
Arcadian,Action,1h 32m,5.5,22K
Werewolves,Action,1h 33m,4.4,5.9K
Kung Fu Panda 4,Action,1h 34m,6.3,66K
Descendants: The Rise of Red,Action,1h 31m,4.7,6.9K
The Killer,Action,2h 6m,5.7,12K
Lift,Action,1h 47m,5.5,49K
Beverly Hills Cop: Axel F,Action,1h 58m,6.4,80K
The Instigators,Action,1h 41m,6.2,37K
Weekend in Taipei,Action,1h 40m,5.7,4.3K
Apocalypse Z: The Beginning of the End,Action,1h 57m,6.1,19K
Brothers,Action,1h 29m,5.4,13K
Maharaja,Action,2h 21m,8.4,65K
11 Rebels,Action,2h 35m,6.2,229
Hagen,Action,2h 19m,6.1,946
Canary Black,Action,1h 41m,5.4,11K
Watchmen: Chapter I,Action,1h 23m,7,6.2K
Atlas,Action,1h 58m,5.6,55K
Long Gone Heroes,Action,1h 41m,5.2,938
The Silent Hour,Action,1h 39m,6.1,6.9K
Kalki 2898 AD,Action,3h,7,66K
Dirty Angels,Action,1h 44m,4.3,3.1K
Hitpig,Action,1h 26m,5.1,811
The Shadow Strays,Action,2h 24m,6.5,8.8K
Classified,Action,1h 45m,3.7,2.2K
Survive,Action,1h 30m,4.6,2K
Rebel Moon - Part Two: The Scargiver,Action,2h 2m,5.3,59K
Cash Out,Action,1h 32m,4.8,2.8K
Jackpot!,Action,1h 46m,5.8,30K
Dominique,Action,1h 40m,5.2,2.1K
Twilight of the Warriors: Walled In,Action,2h 6m,7,8.8K
Trigger Warning,Action,1h 46m,4.6,19K
Under Paris,Action,1h 44m,5.2,36K
Gunner,Action,1h 46m,3.2,2.3K
No Way Up,Action,1h 30m,4.6,10K
Boneyard,Action,1h 36m,4.1,4.8K
Watchmen: Chapter II,Action,1h 30m,7,2.7K
Death Whisperer 2,Action,1h 50m,6.4,1.2K
Armor,Action,1h 29m,3.5,3.6K
Megamind vs. The Doom Syndicate,Action,1h 23m,2.5,5.4K
Night Call,Action,1h 37m,6.8,1.7K
Aavesham,Action,2h 35m,7.8,27K
Panda Plan,Action,1h 39m,5.1,1.1K
Agents,Action,1h 22m,3.8,866
Red Right Hand,Action,1h 51m,5.5,5.7K
Damaged,Action,1h 37m,4.7,7.1K
Levels,Action,1h 33m,5,1.4K
River of Blood,Action,1h 26m,5.4,1.5K
Role Play,Action,1h 40m,5.5,19K
Max,Action,2h 12m,7.2,3.2K
Take Cover,Action,1h 30m,5.1,2.3K
Harbin,Action,1h 48m,6.6,464
Amaran,Action,2h 47m,8.2,18K
Chief of Station,Action,1h 37m,4.7,4.3K
My Hero Academia: You're Next,Action,1h 50m,7,1.9K
Trouble,Action,1h 38m,6.2,6.6K
My Spy: The Eternal City,Action,1h 52m,5.7,11K
Sunray: Fallen Soldier,Action,1h 55m,4.3,574
Joe Baby,Action,1h 26m,8.2,24
Uprising,Action,2h 6m,6.6,5.3K
Elyas,Action,1h 45m,6.1,1.2K
Dark Match,Action,1h 34m,5.5,811
The Thundermans Return,Action,1h 10m,5,1.8K
Mafia Wars,Action,1h 34m,3.4,210
Code 8: Part II,Action,1h 40m,5.7,16K
The Fix,Action,1h 38m,4.6,1.1K
Singham Again,Action,2h 24m,4.8,75K
Rifle Club,Action,1h 53m,7,3.9K
Simarik,Action,1h 51m,6.4,2.3K
Hounds of War,Action,1h 35m,4.5,1.7K
Sikandar Ka Muqaddar,Action,2h 22m,6,24K
Drive Back,Action,1h 34m,4.7,286
Rats!,Action,1h 25m,8.2,74
Justice League: Crisis on Infinite Earths - Part One,Action,1h 33m,6.2,8.3K
Prey,Action,1h 26m,3.7,3.2K
Badland Hunters,Action,1h 47m,5.9,12K
The Lost Tiger,Action,1h 30m,7.8,31
The Courier,Action,1h 41m,6,4.3K
The Roundup: Punishment,Action,1h 49m,6.6,5K
Raayan,Action,2h 25m,6.5,11K
Darkness of Man,Action,1h 49m,4.8,3.1K
Cells at Work!,Action,1h 49m,6.8,155
Officer Black Belt,Action,1h 48m,6.8,7.9K
The Prosecutor,Action,1h 57m,6.8,1.3K
Duchess,Action,1h 54m,4.6,1.2K
Justice League: Crisis on Infinite Earths - Part Three,Action,1h 34m,6.1,4.3K
The Price of Money: A Largo Winch Adventure,Action,1h 40m,5.1,1K
The Wages of Fear,Action,1h 44m,4.6,4K
Bougainvillea,Action,2h 18m,6.4,3K
The Quiet Ones,Action,1h 50m,6.5,501
Pani,Action,2h 23m,6.9,2.7K
The Tiger's Apprentice,Action,1h 24m,5.8,2.1K
Arena Wars,Action,1h 36m,5,2K
Devara Part 1,Action,2h 56m,6,20K
Karma,Action,2h 47m,8.1,1.4K
City Hunter,Action,1h 42m,6.3,5.5K
"I, the Executioner",Action,1h 58m,6.3,1.5K
One Fast Move,Action,1h 48m,5,2.2K
One More Shot,Action,1h 43m,5.4,3.5K
Golden Kamuy,Action,2h 7m,6.3,2.5K
Utopia,Action,1h 31m,3.7,332
Cloud,Action,2h 3m,6.3,882
Fight Another Day,Action,1h 37m,5.1,320
Article 370,Action,2h 38m,7.8,24K
Air Force One Down,Action,1h 24m,4.4,2.8K
Lights Out,Action,1h 30m,4.9,1.7K
Ultraman: Rising,Action,1h 57m,6.9,6.2K
200% Wolf,Action,1h 38m,6,1.2K
Fighter,Action,2h 46m,6.2,52K
Life After Fighting,Action,2h 6m,6.4,1.9K
Continental Split,Action,1h 28m,3.5,531
Die Hart 2: Die Harter,Action,1h 32m,4.3,5.4K
The Family Star,Action,2h 39m,5.4,5.4K
Zero,Action,1h 28m,6.1,37
Angels Fallen: Warriors of Peace,Action,1h 43m,4.9,5.8K
Latency,Action,1h 34m,4.2,1.7K
Kill Em All 2,Action,1h 28m,4.1,1.3K
Echo 8,Action,1h 36m,5.5,155
Agent Recon,Action,1h 25m,2.4,656
Dan Da Dan: First Encounter,Action,1h 23m,8.2,2.5K
Murder Company,Action,1h 26m,3.6,1.5K
Ferry 2,Action,1h 34m,5.6,3.7K
Operation Blood Hunt,Action,1h 33m,3.4,452
Freedom,Action,1h 50m,5.9,1.3K
Get Fast,Action,1h 28m,3.6,432
Hijack 1971,Action,1h 40m,6.8,3.2K
Dharmarakshak Mahaveer Chhatrapati Sambhaji Maharaj,Action,2h 54m,8.2,642
Anaconda,Action,1h 24m,4.9,599
Alien: Rubicon,Action,1h 26m,2.4,327
A Legend,Action,2h 9m,4.7,852
Alangu,Action,2h 11m,8.3,1.1K
Wynonna Earp: Vengeance,Action,1h 36m,5.6,1.5K
Jigra,Action,2h 33m,6,23K
Striking Rescue,Action,1h 46m,5.8,314
Diabel,Action,1h 48m,5.1,190
The Clean Up Crew,Action,1h 35m,4.1,1.1K
The Hangman,Action,1h 32m,3.3,983
Justice League: Crisis on Infinite Earths - Part Two,Action,1h 34m,5.5,5.2K
Invasion,Action,1h 31m,4.8,662
Savi,Action,2h 6m,6.2,35K
Spiders on a Plane,Action,1h 18m,5.9,358
Agni,Action,2h 2m,7.3,15K
Revolver,Action,1h 54m,5.4,814
Terminator: Skynet Rising,Action,1h 28m,6.8,257
Hanu Man,Action,2h 38m,7.7,29K
Demon Slayer: Kimetsu No Yaiba - To the Hashira Training,Action,1h 44m,7.1,8.2K
Sixty Minutes,Action,1h 28m,5.7,5.1K
Escape,Action,1h 34m,6.4,1.9K
Murder at Hollow Creek,Action,N/A,4.2,77
The Last Kumite,Action,1h 45m,4.6,2.3K
London Calling,Action,1h 49m,6.5,8
Outlaw,Action,1h 22m,5.2,897
The Greatest of All Time,Action,3h 3m,5.8,22K
Overlord: The Sacred Kingdom,Action,2h 15m,7,693
72 Hours,Action,1h 27m,4.1,279
Cassino in Ischia,Action,1h 53m,4.4,229
Vettaiyan,Action,2h 43m,7,39K
Baby Invasion,Action,1h 20m,5.4,51
Heart of the Hunter,Action,1h 45m,4.7,2.1K
Alienoid: The Return to the Future,Action,2h 2m,6.5,2.5K
Handsome Guys,Action,1h 41m,6.5,735
Snow White and the Seven Samurai,Action,1h 28m,3.2,259
Operation Undead,Action,1h 50m,4.6,346
Wanted Man,Action,1h 25m,4.8,2.5K
Razakar: The Silent Genocide of Hyderabad,Action,2h 46m,7.4,5.2K
"Love, Courage and the Battle of Bushy Run",Action,1h 53m,5,168
Bagheera,Action,2h 38m,6.7,7.2K
Kingdom 4: Return of the Great General,Action,2h 25m,7.1,1.2K
The Lockdown,Action,1h 57m,4.3,593
War of the Worlds: Extinction,Action,1h 24m,3,170
Ryan's World the Movie: Titan Universe Adventure,Action,1h 20m,1.8,629
Viduthalai Part 2,Action,2h 50m,8,15K
GTMax,Action,1h 40m,5,1.2K
Yodha,Action,2h 10m,5.7,8.8K
The Last Front,Action,1h 38m,5.5,596
Mura,Action,2h 9m,7.3,6.2K
The Last Ronin,Action,2h 1m,4.9,217
Vanvaas,Action,2h 40m,6.7,994
Nice Girls,Action,1h 32m,4.2,1.2K
The Ballad of Davy Crockett,Action,1h 36m,4.6,242
12 Gaun,Action,2h 27m,6.3,862
Saripodhaa Sanivaaram,Action,2h 46m,7,8.8K
Chandu Champion,Action,2h 22m,7.8,34K
Don't Mess with Grandma,Action,1h 21m,6.1,141
Everybody Loves Jenifa,Action,2h 15m,8.4,77
Thangalaan,Action,2h 36m,6.6,6.5K
Kanguva,Action,2h 32m,4.6,14K
Je Jatt Vigarh Gya,Action,2h 12m,5.7,811
Guntur Kaaram,Action,2h 39m,5.4,25K
A.R.M,Action,2h 30m,7.1,8.5K
Vedaa,Action,2h 25m,6,4.2K
Devaki Nandana Vasudeva,Action,2h 8m,8.9,2.7K
Rogue Elements: A Ryan Drake Story,Action,44m,4.9,911
Memes & Nightmares,Action,1h 21m,5.7,71
12 to Midnight,Action,1h 36m,3.6,270
Mission: Cross,Action,1h 45m,6.1,2.5K
Roadkill,Action,1h 30m,3.6,671
The Firefighters,Action,1h 46m,5.9,139
Escape from the 21st Century,Action,1h 38m,6.5,797
UI,Action,2h 15m,6.9,5.6K
Bachhala Malli,Action,2h 20m,8.3,3.9K
Lady Scorpions,Action,1h 41m,3.6,360
How to Rob a Bank,Action,1h 28m,6.6,4.1K
Shark Warning,Action,1h 34m,3.4,245
Alien Country,Action,1h 36m,4.4,347
WWII: Operation Phoenix,Action,1h 46m,6.7,61
Khadaan,Action,2h 17m,7.4,1.9K
Bionic,Action,1h 50m,4.3,1.7K
The Bouncer,Action,1h 18m,4.3,80
Mother Mafia,Action,1h 20m,3.3,46
Martin,Action,2h 27m,2.3,36K
Kuang Bao Ju Xi,Action,1h 15m,6.2,66
Sector 17,Action,2h 26m,7.4,1.3K
Yolo,Action,2h 9m,6.9,3.6K
Bade Miyan Chote Miyan,Action,2h 43m,3.8,39K
Baby Assassins: Nice Days,Action,1h 43m,7.4,262
The Twisters,Action,1h 26m,2.5,314
Hattichhap,Action,N/A,8.8,747
Hunting with Tigers,Action,1h 49m,5.6,500
Devil's Knight,Action,1h 30m,5.3,758
Rob N Roll,Action,1h 38m,6.1,1.4K
Bureau 749,Action,2h 3m,4.1,495
Auron Mein Kahan Dum Tha,Action,2h 30m,6.6,40K
40 Acres,Action,1h 53m,6.3,96
Toofan,Action,2h 25m,7.1,6.1K
Black Creek,Action,1h 56m,N/A,N/A
Citizen of a Kind,Action,1h 54m,6.7,765
Pimpinero: Blood and Oil,Action,2h 1m,5.7,533
Ka Whawhai Tonu,Action,1h 55m,7.4,169
Eye for an Eye 2,Action,1h 30m,6.5,474
The Friendly,Action,1h 41m,8.1,15
S.T.A.L.K.E.R.: Shadow of the Zone,Action,1h 12m,5.2,446
Hellhound,Action,1h 43m,4.3,481
School of Magical Animals 3,Action,1h 45m,5.8,292
Paradise,Action,1h 23m,6.9,77
Mummy Shark,Action,1h 6m,2,165
Bonus Trip,Action,1h 53m,4.5,215
Agastya - Chapter 1,Action,2h 48m,6.9,576
Kahar: Kapla High Council,Action,1h 42m,6.9,437
The Day Everything Changed,Action,1h 37m,7.9,77
Deaner '89,Action,1h 30m,5.9,410
Zebra,Action,2h 44m,8,3.2K
Bangkok Breaking: Heaven and Hell,Action,2h 26m,5.8,651
The Actor,Action,2h 8m,3.3,720
The Last of Us: Immunity,Action,1h 4m,6.4,12
Indian 2,Action,N/A,3.9,16K
Son's Will,Action,N/A,7.4,831
Tillu Square,Action,2h 17m,6.6,3.4K
Crakk: Jeetega... Toh Jiyegaa,Action,2h 34m,4.7,6.4K
Captain Miller,Action,2h 37m,6.5,8.6K
The Charisma Killers,Action,1h 41m,6,506
Siren,Action,2h 34m,6.4,2.9K
Reapers,Action,N/A,8.7,572
Yudhra,Action,2h 22m,5,13K
Ayalaan,Action,2h 35m,6,3.9K
Orang Ikan,Action,1h 23m,6.5,31
Timuchin,Action,N/A,6.2,16
Mr. Bachchan,Action,2h 30m,3.6,5.2K
Sorgavaasal,Action,2h 18m,6.6,1.3K
Taklee Genesis x Worlds Collide,Action,2h 26m,5.5,381
Non Negotiable,Action,1h 27m,5.4,1.2K
Witch Hunter,Action,1h 20m,5.1,21
Barroz: Guardian of Treasures,Action,2h 35m,3.6,931
The Kingdom,Action,2h 13m,7.9,84
(Pri)sons,Action,1h 40m,5,246
Bangkok Dog,Action,1h 25m,6.4,94
Crisis Negotiators,Action,2h,6.7,689
My Redneck Neighbor: Chapter 2 - Let the Games Begin,Action,55m,N/A,N/A
Sheriff,Action,2h 13m,6.9,1.1K
The Miranda Brothers,Action,1h 39m,4.4,185
Sasan,Action,2h 35m,8.5,61
I Heart Robots,Action,1h 16m,4.6,2.3K
Baki Hanma VS Kengan Ashura,Action,1h 2m,5.7,1.9K
Bidurbhai,Action,2h 28m,9.2,373
Troubleshooters,Action,1h 50m,6.4,397
Xiong Shi Shao Nian 2,Action,2h 14m,7.5,181
Fyre Rises,Action,1h 50m,6.5,321
Art of Eight Limbs,Action,1h 41m,4,301
Eagle,Action,2h 39m,5.9,4.9K
KA,Action,2h 31m,7.2,1.5K
No Time to Spy: A Loud House Movie,Action,1h 21m,6.4,431
Kamen Rider 555 20th: Paradise Regained,Action,1h 5m,5.9,138
Big Rage,Action,1h 55m,3.7,147
Guy Manley: Super Spy,Action,1h 32m,4.5,115
Thundu,Action,2h 5m,5,897
Garudan,Action,2h 13m,7.1,3.3K
Gandhi 3,Action,2h 23m,5.5,229
My Fathers' Daughter,Action,1h 18m,6.6,68
Mobile Suit Gundam SEED Freedom,Action,2h 4m,6.6,921
The Drunken Prodigy,Action,1h 47m,5.6,13
American Underdog,Action,1h 29m,8.8,23
Sayen: The Huntress,Action,1h 28m,4.4,249
Love You to Debt,Action,2h 15m,6.2,744
Clone Cops,Action,1h 36m,8.1,185
The Omicron Killer,Action,1h 38m,2.9,593
Kaveri,Action,1h 41m,9.1,1.5K
Double Ismart,Action,2h 36m,2.9,2.1K
Nothing Even Matters,Action,1h 30m,5.3,70
Anunnakiler,Action,1h 16m,2.6,424
Warrior Awang and Master Tok Gajah,Action,1h 58m,4.6,472
Pottel,Action,2h 28m,8.3,2.7K
Aserb: The Squadron,Action,2h,5.2,295
Ape X Mecha Ape: New World Order,Action,1h 27m,2.7,126
Drive,Action,1h 30m,5.6,309
Deadzone,Action,1h 20m,4.2,33
Mission: Chapter 1,Action,2h 24m,5.9,1.7K
They Call Her Death,Action,1h 32m,6.2,22
Dange,Action,2h 34m,5.4,785
Midas,Action,1h 25m,4.6,331
Bohurupi,Action,2h 35m,8.3,1.4K
Bhaiyya Ji,Action,2h 30m,4.8,7.3K
Fighting the Fire,Action,1h 55m,8.6,1.7K
Lisabi: The Uprising,Action,1h 47m,6.4,121
UmroAyyar - A New Beginning,Action,2h 15m,6.9,669
Rode College,Action,2h 48m,6.6,421
Codename: Devil,Action,1h 44m,N/A,N/A
Sucha Soorma,Action,2h 16m,6.5,905
The Unbreakable Bunch,Action,N/A,7.4,24
Black Heat,Action,1h 33m,7.8,19
Hunt the Wicked,Action,1h 42m,5.2,104
Ten Toes Down,Action,N/A,8,31
Road Wars: Max Fury,Action,1h 23m,2,349
Prepare to Die,Action,1h 33m,4.6,228
Nu Huo 12 Xiao Shi,Action,1h 26m,6.1,42
Rendel: Cycle of Revenge,Action,1h 39m,3.6,241
Kizumonogatari: Koyomi Vamp,Action,2h 24m,6.9,79
Anchakkallakokkan,Action,2h 6m,6.6,998
Ship of the Damned,Action,1h 28m,2.8,293
Conquer: Lahad Datu,Action,2h,6.7,493
24 Hours to D-Day,Action,1h 23m,5,29
Mirza: Part 1 - Joker,Action,2h 45m,6.8,236
Snatched,Action,1h 41m,4.9,204
Kondal,Action,2h 27m,5.4,761
6 Hours Away,Action,1h 33m,3.9,238
In Tenebras: Into the Darkness,Action,1h 30m,3.2,171
Cesium Fallout,Action,2h 16m,6.7,406
Where Is Gilgamesh?,Action,1h 30m,9,603
Kadakan,Action,2h 8m,4,110
Big City Greens the Movie: Spacecation,Action,N/A,6.2,528
The Epidemic,Action,1h 35m,5.8,68
Yuva,Action,2h 33m,5.8,833
How to Make a Werewolf,Action,N/A,5.6,82
Team of Two,Action,N/A,5.1,106
Rang De Basanti,Action,2h 54m,8.8,144
Ballistic,Action,1h 35m,2.3,161
Camp Blood: Clown Shark,Action,1h 10m,3.3,82
Turbo,Action,2h 35m,5.9,3.5K
The Mick and the Trick,Action,1h 36m,5,75
What Happens in Miami,Action,1h 30m,4.3,218
Buddy,Action,2h 17m,3.8,338
Operation Hope,Action,N/A,7,22
Matka,Action,2h 36m,4.7,571
High Forces,Action,1h 59m,5.8,493
Malayalee from India,Action,2h 40m,5.6,5K
The Bodyguard,Action,1h 27m,6.7,24
Mutant,Action,1h 30m,4.5,57
The Legend Hunters,Action,N/A,4.8,15
Formed Police Unit,Action,2h,4.6,471
Shark Island,Action,1h 21m,4,114
Naam,Action,2h 16m,6.5,273
The Moon Thieves,Action,1h 48m,6.2,222
Case Files,Action,N/A,N/A,N/A
Bhairadevi,Action,2h 14m,8.8,43
The Circuit 4: Faith Fighter,Action,1h 30m,4.4,86
100 Crores,Action,N/A,6.1,4K
Jithender Reddy,Action,2h 16m,9.5,2.3K
Exorcism Chronicles: The Beginning,Action,1h 25m,7,61
The Waiter,Action,N/A,7.9,19
Hide and Seek,Action,2h 10m,8.2,54
Kung Fu Games,Action,1h 38m,3.3,373
Neon Fear,Action,40m,6.1,373
The Traveller,Action,2h 14m,5.3,197
September Babies,Action,1h 34m,6.5,280
Honeko Akabane's Bodyguards,Action,1h 57m,6,34
Ghost Killer,Action,1h 45m,7.2,57
Saint Young Men: Holy Men vs Demon Army,Action,1h 33m,3,13
Sons of Rizk 3,Action,2h 5m,6.7,1.6K
Stuntman,Action,1h 54m,7,133
Spirit Riser,Action,1h 38m,6.7,33
Red vs. Blue: Restoration,Action,1h 25m,5.6,134
Dragon Ball Z Kai,Action,1h 22m,8.4,65
Six jours,Action,1h 35m,6.3,96
Checkmate,Action,1h 44m,4.3,378
Blade of Fury,Action,1h 30m,6.1,110
The Slave and the Sorcerer,Action,1h 26m,6.7,37
Buying Time,Action,1h 24m,6.6,244
Customs Frontline,Action,1h 55m,5.4,458
Purushothamudu,Action,2h,4.9,2.2K
Get Close 2,Action,N/A,5.7,44
Hrashwo Deergha,Action,2h 30m,7.9,79
Petta Rap,Action,2h 3m,4.2,1.7K
Mechanic Rocky,Action,2h 36m,6.5,3.4K
Go for Broke,Action,1h 55m,5.6,266
Hotel Underground,Action,N/A,7.4,59
Wonderful Precure! The Movie! Doki Doki Game no Sekai de Daiboken,Action,1h 11m,6.8,25
Anthima Theerpu,Action,2h 13m,8.1,1.5K
The Alexandrian,Action,1h 44m,3.9,246
Raqa,Action,1h 47m,6.4,56
Dark Fusion,Action,1h 30m,8.5,233
Taken from Rio Bravo,Action,1h 20m,3,307
Bhaje Vaayu Vegam,Action,2h 16m,6.1,540
Anora,Comedy,2h 19m,7.6,141K
Emilia Pérez,Comedy,2h 12m,5.4,83K
A Real Pain,Comedy,1h 30m,7.1,73K
Riff Raff,Comedy,1h 43m,6.3,754
Despicable Me 4,Comedy,1h 34m,6.2,62K
Paddington in Peru,Comedy,1h 46m,6.7,16K
Saturday Night,Comedy,1h 49m,6.9,28K
A Different Man,Comedy,1h 52m,6.9,27K
Moana 2,Comedy,1h 40m,6.7,82K
Challengers,Comedy,2h 11m,7.1,150K
Spermageddon,Comedy,1h 20m,5.7,547
Kinds of Kindness,Comedy,2h 44m,6.5,57K
Inside Out 2,Comedy,1h 36m,7.5,210K
Beetlejuice Beetlejuice,Comedy,1h 45m,6.7,142K
My Dead Friend Zoe,Comedy,1h 43m,7.3,1K
Superboys of Malegaon,Comedy,2h 7m,8,890
F*** Marry Kill,Comedy,1h 37m,5.2,1.6K
My Old Ass,Comedy,1h 29m,6.9,37K
Wallace & Gromit: Vengeance Most Fowl,Comedy,1h 22m,7.5,32K
Night of the Zoopocalypse,Comedy,1h 31m,6.2,281
It's What's Inside,Comedy,1h 43m,6.6,40K
Nightbitch,Comedy,1h 39m,5.6,18K
Snack Shack,Comedy,1h 52m,7,11K
IF,Comedy,1h 44m,6.4,56K
Fly Me to the Moon,Comedy,2h 12m,6.6,48K
The Idea of You,Comedy,1h 55m,6.3,72K
The Day the Earth Blew Up: A Looney Tunes Movie,Comedy,1h 31m,6.7,1K
Kneecap,Comedy,1h 45m,7.6,16K
Ghostbusters: Frozen Empire,Comedy,1h 55m,6.1,92K
Mean Girls,Comedy,1h 52m,5.6,37K
Greedy People,Comedy,1h 52m,6.2,10K
Hard Truths,Comedy,1h 37m,7.3,4.2K
Sacramento,Comedy,1h 24m,7,132
Unfrosted,Comedy,1h 37m,5.5,34K
Miller's Girl,Comedy,1h 33m,5.2,23K
The Garfield Movie,Comedy,1h 41m,5.7,23K
A Family Affair,Comedy,1h 51m,5.3,36K
Get Away,Comedy,1h 26m,5.3,6K
Distant,Comedy,1h 27m,5.7,2.9K
Rumours,Comedy,1h 44m,5,4.2K
Friendship,Comedy,1h 40m,7.5,199
Don't Tell Mom the Babysitter's Dead,Comedy,1h 39m,3.8,1.1K
Your Monster,Comedy,1h 43m,6.4,5.4K
Y2K,Comedy,1h 31m,4.9,9.6K
Harold and the Purple Crayon,Comedy,1h 30m,5.7,7.8K
Eephus,Comedy,1h 38m,6.9,208
Misericordia,Comedy,1h 44m,6.9,1.5K
Winner,Comedy,1h 43m,6.5,2.2K
The Gutter,Comedy,1h 32m,5.4,402
Incoming,Comedy,1h 31m,5.8,13K
Ricky Stanicky,Comedy,1h 53m,6.2,55K
We're All Gonna Die,Comedy,1h 50m,8.4,69
Boot Camp,Comedy,1h 34m,5.8,993
Ghostlight,Comedy,1h 55m,7.6,5.5K
How to Make Millions Before Grandma Dies,Comedy,2h 5m,8,13K
Dìdi,Comedy,1h 33m,7.3,12K
Goodrich,Comedy,1h 50m,6.3,4.8K
Spellbound,Comedy,1h 49m,5.7,6.2K
Lisa Frankenstein,Comedy,1h 41m,6.1,28K
A Dog's Will 2,Comedy,1h 44m,6.3,2.6K
Upgraded,Comedy,1h 44m,6.1,29K
Mother of the Bride,Comedy,1h 28m,4.8,17K
Find Me Falling,Comedy,1h 33m,6.3,12K
Bookworm,Comedy,1h 43m,6,1.7K
Universal Language,Comedy,1h 29m,7.1,1.1K
A Nice Indian Boy,Comedy,1h 36m,7.1,144
Piece by Piece,Comedy,1h 33m,6.9,5K
Stree 2: Sarkate Ka Aatank,Comedy,2h 27m,6.9,41K
The Mouse Trap,Comedy,1h 20m,2.5,3K
Sweethearts,Comedy,1h 38m,5.6,3.7K
My Favourite Cake,Comedy,1h 37m,7.4,6.8K
Turn Me On,Comedy,1h 39m,5.6,413
Swimming Home,Comedy,1h 39m,4.9,353
The Wonderful Story of Henry Sugar and Three More,Comedy,1h 28m,7.1,6.1K
Family Pack,Comedy,1h 34m,5.5,8.6K
Modi: Three Days on the Wing of Madness,Comedy,1h 50m,6,380
Babes,Comedy,1h 44m,6.3,6.1K
Let's Start a Cult,Comedy,1h 30m,5.9,1.3K
The Empire,Comedy,1h 50m,5.2,1.2K
The Fabulous Four,Comedy,1h 38m,4.8,1.4K
Sasquatch Sunset,Comedy,1h 28m,5.4,5.3K
The Marching Band,Comedy,1h 43m,7.5,1.8K
Summer Camp,Comedy,1h 35m,4.5,1.5K
Saving Bikini Bottom: The Sandy Cheeks Movie,Comedy,1h 22m,3.7,3.7K
Orion and the Dark,Comedy,1h 33m,6.3,17K
The Radleys,Comedy,1h 55m,5,2.6K
Players,Comedy,1h 45m,5.7,12K
The American Society of Magical Negroes,Comedy,1h 44m,3.7,12K
The Problem with People,Comedy,1h 42m,5.7,302
Irish Wish,Comedy,1h 33m,5.2,21K
The Best Christmas Pageant Ever,Comedy,1h 39m,6.8,6K
Holy Cow,Comedy,1h 32m,7.2,1.1K
Dear Santa,Comedy,1h 47m,5.4,18K
Our Little Secret,Comedy,1h 41m,5.7,23K
Gone Running,Comedy,1h 45m,7.1,3.7K
Unspeakable: Beyond the Wall of Sleep,Comedy,1h 30m,6.3,35
Ma Este Gyilkolunk,Comedy,N/A,5.1,504
You Are the Apple of My Eye,Comedy,1h 41m,7.8,3.2K
Sookshma Darshini,Comedy,2h 22m,7.8,9.3K
The 4:30 Movie,Comedy,1h 27m,6,3.5K
Broken Rage,Comedy,1h 2m,6.1,1.2K
The Visitor,Comedy,1h 41m,4.2,182
Munjya,Comedy,2h 3m,6.3,25K
Vulgar,Comedy,1h 43m,6.8,99
Beautiful Wedding,Comedy,1h 40m,4.1,4K
Jönssonligan kommer tillbaka,Comedy,1h 44m,6,828
Shell,Comedy,1h 40m,6.7,65
Moartea in vacanta,Comedy,1h 29m,6.7,1.3K
On Becoming a Guinea Fowl,Comedy,1h 39m,7.1,609
Jim's Story,Comedy,1h 41m,6.8,780
Am I Racist?,Comedy,1h 40m,6.7,16K
Bob Trevino Likes It,Comedy,1h 42m,8.3,300
Standing on the Shoulders of Kitties,Comedy,1h 51m,6.3,481
Between the Temples,Comedy,1h 51m,6.3,2.8K
Casatoria,Comedy,1h 36m,6.4,2.3K
Adult Best Friends,Comedy,1h 30m,7.6,59
Reunion,Comedy,1h 30m,5.6,3.4K
Drugstore June,Comedy,1h 31m,5.3,1.6K
The Uninvited,Comedy,1h 37m,5.9,134
A Little Something Extra,Comedy,1h 39m,7,4.7K
Srikakulam Sherlockholmes,Comedy,2h 5m,8.3,2.2K
Treasure,Comedy,1h 51m,6.3,2K
Sex-Positive,Comedy,1h 25m,4.1,653
That Christmas,Comedy,1h 31m,6.8,17K
I Don't Understand You,Comedy,1h 36m,7.1,69
Love in the Big City,Comedy,1h 58m,7.5,1.3K
Seize Them!,Comedy,1h 31m,5.1,1.2K
Hot Frosty,Comedy,1h 32m,5.3,14K
Skincare,Comedy,1h 36m,5.7,4.1K
This Time Next Year,Comedy,1h 56m,5.6,2.1K
Through My Window: Looking at You,Comedy,1h 45m,5.4,5K
This Is Me... Now,Comedy,1h 5m,4.1,7.1K
Hello Mummy,Comedy,2h 16m,5.7,3.1K
Bhool Bhulaiyaa 3,Comedy,2h 38m,4.7,77K
Thelma the Unicorn,Comedy,1h 33m,5.7,2.8K
The Southern Chronicles,Comedy,2h,8.8,2.3K
Chosen Family,Comedy,1h 28m,4.7,240
How to Date Billy Walsh,Comedy,1h 38m,5.2,3.9K
Bad Shabbos,Comedy,1h 24m,7.4,131
Autumn and the Black Jaguar,Comedy,1h 40m,5.6,954
The Merry Gentlemen,Comedy,1h 27m,4.8,10K
When Fall Is Coming,Comedy,1h 42m,6.8,1.2K
I Love You Forever,Comedy,1h 29m,6.6,72
Space Cadet,Comedy,1h 50m,4.9,9.9K
Bloody Axe Wound,Comedy,1h 23m,4.8,462
Khel Khel Mein,Comedy,2h 15m,6.5,27K
Timestalker,Comedy,1h 29m,5.5,2.8K
Madgaon Express,Comedy,2h 23m,7,41K
Desert Fiends,Comedy,1h 46m,8.5,359
Street Trash,Comedy,1h 25m,4.4,727
A House on Fire,Comedy,1h 45m,7.3,3.2K
Audrey,Comedy,1h 37m,5.7,277
Nutcrackers,Comedy,1h 44m,5.5,9.2K
Sweet Dreams,Comedy,1h 35m,5.4,1.4K
Premalu,Comedy,2h 36m,7.8,19K
Crayon Shin-chan: Ora's Dinosaur Diary,Comedy,1h 46m,6.6,301
The Gentleman,Comedy,1h 43m,7.9,94
The Balconettes,Comedy,1h 44m,6.3,728
Spread,Comedy,1h 52m,5.7,624
Longing,Comedy,1h 51m,4.7,770
Marmalade,Comedy,1h 39m,6.2,3.5K
The Underdoggs,Comedy,1h 36m,5.6,4.5K
10 Lives,Comedy,1h 28m,5.9,1.8K
Doraemon the Movie: Nobita's Earth Symphony,Comedy,1h 55m,6.6,1.4K
Wallbanger,Comedy,1h 58m,5.6,634
Carved,Comedy,1h 35m,4.4,2.7K
Alter weißer Mann,Comedy,1h 54m,6.2,554
Psycho Therapy: The Shallow Tale of a Writer Who Decided to Write about a Serial Killer,Comedy,1h 42m,8.3,61
Sister Midnight,Comedy,1h 47m,6.5,178
Peter Five Eight,Comedy,1h 40m,3.5,1.1K
Five Blind Dates,Comedy,1h 23m,5.1,1.9K
The Second Act,Comedy,1h 20m,6.4,3.2K
À bicyclette!,Comedy,1h 30m,7,108
The Astronaut Lovers,Comedy,1h 56m,7.1,542
The Supremes at Earl's All-You-Can-Eat,Comedy,2h 4m,6.4,1.4K
Christmas Eve in Miller's Point,Comedy,1h 46m,5.6,2.3K
Not Another Church Movie,Comedy,1h 30m,2.2,1.1K
Woody Woodpecker Goes to Camp,Comedy,1h 40m,4.5,2.5K
Young Werther,Comedy,1h 41m,5.7,196
Inheritance,Comedy,1h 34m,5.1,3.4K
Christmas Cowboy,Comedy,N/A,6.7,94
Hisaab Barabar,Comedy,1h 52m,5.7,1.6K
The Trainer,Comedy,1h 35m,7.2,51
Krazy House,Comedy,1h 29m,4.8,1.4K
The Deb,Comedy,2h 1m,7.6,67
Four Mothers,Comedy,1h 29m,7.7,78
Lost & Found in Cleveland,Comedy,N/A,8.5,17
Three Friends,Comedy,1h 57m,6.6,568
A Trip Elsewhere,Comedy,1h 33m,5.5,90
Plan B,Comedy,1h 30m,5.9,1.1K
French Girl,Comedy,1h 46m,5.5,2.3K
Heavier Trip,Comedy,1h 36m,6,1.2K
Peacock,Comedy,1h 42m,7.2,272
Dead Talents Society,Comedy,1h 45m,7.4,784
How Could I Live Without You?,Comedy,1h 45m,6.9,900
The Real Bros of Simi Valley: The Movie,Comedy,1h 46m,7.1,1K
Crew,Comedy,1h 58m,5.8,37K
Operation Taco Gary's,Comedy,1h 28m,6.5,26
Running on Empty,Comedy,1h 31m,4.9,518
Mars,Comedy,1h 24m,8.9,19
Manamey,Comedy,2h 35m,5.6,486
And Mrs,Comedy,1h 51m,5.8,670
Diamanti,Comedy,2h 15m,7,958
Slay,Comedy,1h 39m,6.5,1.1K
Buffalo Kids,Comedy,1h 33m,6.6,621
My Melbourne,Comedy,1h 40m,7.5,32
Vicky Vidya Ka Woh Wala Video,Comedy,2h 32m,5.2,11K
Narayaneente Moonnaanmakkal,Comedy,1h 48m,7,540
My Annoying Brother,Comedy,1h 54m,7.5,166
Paying for It,Comedy,1h 25m,7.6,84
Time Travel Is Dangerous,Comedy,1h 39m,5.9,74
The Other Way Around,Comedy,1h 54m,6.5,1.3K
Shrek 5: The Contract - A Fan Made Film,Comedy,1h 24m,7,18
Little Death,Comedy,1h 50m,5.5,197
Monster on a Plane,Comedy,1h 28m,5.6,2.3K
Blame the Game,Comedy,1h 32m,5.4,4.9K
Half Baked: Totally High,Comedy,1h 37m,4.6,337
Haikyu!! The Dumpster Battle,Comedy,1h 25m,7.7,6K
Her Story,Comedy,2h 3m,7.7,1.7K
Lesson Learned,Comedy,1h 59m,7.7,1.9K
Sallywood,Comedy,N/A,7.8,54
Harry Potter and the Stone,Comedy,2h 32m,8,155
The Present,Comedy,1h 26m,5.5,843
Der Buchspazierer,Comedy,1h 38m,7.3,343
Feeling Randy,Comedy,1h 21m,7.8,457
Mr. Manhattan,Comedy,1h 50m,6.7,430
Rap World,Comedy,56m,7.8,473
Prom Dates,Comedy,1h 26m,5.2,1.6K
Memory Lane,Comedy,1h 38m,7.4,1.7K
Mittran Da Challeya Truck Ni,Comedy,2h 11m,8.3,684
Two to One,Comedy,1h 56m,6,670
Lubber Pandhu,Comedy,2h 26m,8.2,5.8K
Chantal in Fairyland,Comedy,1h 58m,4.6,2.5K
Arthur's Whisky,Comedy,1h 34m,4.5,793
Cocorico,Comedy,1h 32m,5.8,3.1K
Sew Torn,Comedy,1h 40m,6.7,188
A Gangster's Kiss,Comedy,1h 21m,4.9,45
Teri Baaton Mein Aisa Uljha Jiya,Comedy,2h 21m,6.2,54K
Frankie Freako,Comedy,1h 25m,5.6,1K
Música,Comedy,1h 31m,6.4,4.9K
Still Fabulous,Comedy,1h 32m,4.9,835
The Christmas Letter,Comedy,1h 34m,4.1,175
Girl Meets Boy,Comedy,1h 39m,4.6,52
Good Bad Things,Comedy,1h 36m,5.8,186
The Groomsmen: First Look,Comedy,1h 22m,6.1,373
How to Make a Killing,Comedy,1h 49m,6.6,671
Cheerleaders Behaving Badly,Comedy,2h,7.9,8
Sahbek Rajel,Comedy,2h 25m,9.1,41
Lesbian Space Princess,Comedy,1h 27m,8,94
Man and Witch: The Dance of a Thousand Steps,Comedy,1h 34m,5.5,322
Stealing Pulp Fiction,Comedy,1h 18m,6.3,18
"Love, Divided",Comedy,1h 38m,5.9,4.5K
Layla,Comedy,1h 40m,6.4,283
Do Aur Do Pyaar,Comedy,2h 20m,6.4,12K
Gracie and Pedro: Pets to the Rescue,Comedy,1h 27m,5.1,253
And the Breadwinner Is...,Comedy,2h 3m,6.8,241
Bau: Artist at War,Comedy,2h 10m,7,51
Griffin in Summer,Comedy,1h 30m,7.2,147
The Stress Is Killing Me,Comedy,N/A,N/A,N/A
Mukadderat,Comedy,1h 30m,7.3,475
Bermondsey Tales: Fall of the Roman Empire,Comedy,1h 39m,4.4,173
The Art of Nothing,Comedy,1h 30m,5.2,89
Believe in Christmas,Comedy,1h 30m,6.1,817
Meet the Barbarians,Comedy,1h 41m,6.6,410
Ballot,Comedy,1h 42m,6.3,204
Breakup Season,Comedy,1h 42m,5.8,301
Nuked,Comedy,1h 26m,8.1,39
Bad Newz,Comedy,2h 22m,4.7,26K
U Are the Universe,Comedy,1h 30m,7.8,227
Camp Crasher,Comedy,1h 35m,5.4,764
Funny Birds,Comedy,1h 37m,5.6,218
Marcello Mio,Comedy,2h,5.9,854
Dog on Trial,Comedy,1h 23m,6.1,544
Meet Me Next Christmas,Comedy,1h 45m,5.7,8.4K
Shabab Albomb,Comedy,1h 45m,4.7,187
Wild Wild Punjab,Comedy,1h 49m,6.2,15K
Pilot,Comedy,1h 50m,6.2,742
Kidnapping Inc.,Comedy,1h 47m,6.6,223
Staycation,Comedy,1h 34m,7.2,100
The Throwback,Comedy,1h 36m,5.5,338
Divorce,Comedy,1h 31m,5.8,729
Destroy All Neighbors,Comedy,1h 25m,5.3,2K
ClearMind,Comedy,1h 25m,4.1,2.2K
Una Pequeña Confusion,Comedy,1h 47m,6.2,196
A Sudden Case of Christmas,Comedy,1h 31m,5.1,1.1K
Rockbottom,Comedy,1h 22m,7.4,81
Dear Paris,Comedy,1h 48m,5.6,298
Tim Travers & the Time Travelers Paradox,Comedy,1h 35m,6.9,273
A Hip Hop Story,Comedy,1h 30m,8.8,104
Suckers,Comedy,1h 7m,3.2,116
Holy Cash,Comedy,1h 34m,7.5,22
The Roast of Tom Brady,Comedy,2h 59m,7.2,5.8K
About Family,Comedy,1h 46m,7.9,98
Empire Waist,Comedy,1h 37m,6.6,163
La casa,Comedy,1h 23m,7,899
The Holiday List,Comedy,1h 25m,4.3,194
Noah's Ark,Comedy,1h 36m,4.3,622
Mascarpone: The Rainbow Cake,Comedy,1h 45m,6.1,474
White Snake: Afloat,Comedy,2h 13m,6.9,426
Another Cabin in the Woods Movie,Comedy,1h 17m,4.8,186
Seven Cemeteries,Comedy,1h 24m,4.4,486
Transilvanian Ninja,Comedy,1h 30m,5.3,99
Nado snimat filmy o lyubvi,Comedy,1h 13m,7.8,29
Jamais sans mon psy,Comedy,1h 31m,5,175
Murder Mubarak,Comedy,2h 20m,5.8,51K
Un mondo a parte,Comedy,1h 53m,6.5,1.2K
Kid Santa,Comedy,N/A,N/A,N/A
Vaazha: Biopic of a Billion Boys,Comedy,2h 5m,7.3,3.9K
The Yorkie Werewolf,Comedy,N/A,6.5,58
Triumph,Comedy,1h 38m,6.4,104
Stress Positions,Comedy,1h 35m,5,605
La Familia,Comedy,N/A,7.5,33
De mannenmaker,Comedy,N/A,5.5,181
Auction,Comedy,1h 31m,6.4,854
Ajosepo,Comedy,2h 14m,8.6,51
Almost Paradise,Comedy,2h,6.5,528
No Pressure,Comedy,1h 51m,5.1,1.1K
Victory,Comedy,2h,6.4,212
This Life of Mine,Comedy,1h 39m,5.5,206
Perfect Endings,Comedy,1h 40m,5.5,181
Behuli from Meghauli,Comedy,N/A,8.1,970
Disaster Holiday,Comedy,1h 33m,4.8,664
Killer Body Count,Comedy,1h 49m,4.7,628
Blackout,Comedy,2h 2m,6.1,10K
Jack in Time for Christmas,Comedy,1h 6m,4.6,1K
Lucky Winners,Comedy,1h 43m,6.2,1.4K
Marry Christmas,Comedy,1h 25m,6.9,57
Jamie Foxx: What Had Happened Was...,Comedy,1h 8m,5.8,2K
Chico Bento e a Goiabeira Maraviosa,Comedy,1h 30m,7.8,451
The Lifeguards,Comedy,1h 47m,3.9,134
L'amore e altre seghe mentali,Comedy,1h 28m,5.2,146
Say a Little Prayer,Comedy,1h 43m,8.4,41
Cocaine Werewolf,Comedy,1h 20m,2.3,295
Living Large,Comedy,1h 20m,7.8,97
"Nosotros, los De la Fe",Comedy,1h 58m,7.9,47
Corina,Comedy,1h 36m,7.6,269
Books & Drinks,Comedy,1h 34m,6.7,70
The Book of Jobs,Comedy,1h 30m,N/A,N/A
A Vilã das Nove,Comedy,1h 43m,6.7,48
Kangaroo Island,Comedy,1h 53m,7.5,24
Something's More Than One Thing,Comedy,1h 50m,9,90
Alles Fifty Fifty,Comedy,1h 53m,6.3,397
The Private Eye,Comedy,1h 55m,3.8,122
I Am Kathalan,Comedy,1h 55m,6.8,969
U Pana Boga w Królowym Moscie,Comedy,2h 12m,4.2,126
A Little Family Drama,Comedy,1h 27m,8.8,155
Panda Bear in Africa,Comedy,1h 24m,5.5,303
Guruvayoor Ambalanadayil,Comedy,2h 12m,6.6,4.5K
À l'ancienne,Comedy,1h 29m,4.5,238
The Everything Pot,Comedy,1h 30m,7.4,29
Rent Free,Comedy,1h 33m,7.8,60
Last Night at Terrace Lanes,Comedy,1h 15m,4.3,611
Going Viral,Comedy,1h 30m,6.8,49
Doin' It,Comedy,1h 32m,6,40
Love... Reconsidered,Comedy,1h 28m,4.3,126
Victoria må dø,Comedy,1h 25m,5.9,342
Dirty Ice Cream,Comedy,47m,4.4,115
Lumina,Comedy,1h 53m,2.1,617
Crackcoon,Comedy,1h 28m,3.6,397
De Z van Zus,Comedy,2h,6.7,398
Miss Boots,Comedy,1h 51m,7.2,121
Love at 39 Degrees,Comedy,1h 55m,5.5,1.3K
Goyo,Comedy,1h 46m,6.6,2.2K
"Love, Danielle",Comedy,1h 19m,8.9,38
Don't Say It,Comedy,N/A,8.9,32
The Black Sea,Comedy,1h 36m,8,74
Switch Up,Comedy,1h 45m,8.6,27
El Heredero,Comedy,1h 43m,8.2,35
Challenger,Comedy,1h 35m,5.7,140
Swede Caroline,Comedy,1h 38m,5.4,220
Negeri Para Ketua,Comedy,1h 46m,8.5,13
Estômago II: O Poderoso Chef,Comedy,2h 11m,5.8,311
The Missile,Comedy,1h 50m,6.6,983
When in Rome,Comedy,1h 38m,6.1,719
Haunt Season,Comedy,1h 21m,4.9,756
The Price of Nonna's Inheritance,Comedy,1h 30m,5.3,1.1K
Sketch,Comedy,1h 32m,8.3,42
Chainsaws Were Singing,Comedy,1h 57m,7.2,340
Salsa,Comedy,1h 40m,5.7,254
Retreat Vama Veche,Comedy,1h 30m,3.9,911
Nunakuzhi,Comedy,2h 5m,6.8,2.9K
The World According to Kaleb: On Tour,Comedy,N/A,5.4,151
Kang Mak,Comedy,2h 2m,6.4,748
Meet the Leroys,Comedy,1h 42m,6.4,1.1K
1995,Comedy,2h,6.8,580
"MoviePass, MovieCrash",Comedy,1h 36m,6.7,2.8K
Bremenskie muzykanty,Comedy,1h 55m,4.6,658
Technoboys,Comedy,1h 49m,5.2,959
My Divorce Party,Comedy,1h 31m,3.5,188
Om Bheem Bush,Comedy,2h 30m,5.6,1K
Father There is Only One 4,Comedy,1h 30m,5.2,597
Degree Maila M.A 3rd Class,Comedy,2h 31m,6.9,540
Lula Leblanc,Comedy,1h 36m,7.1,36
Tous toqués !,Comedy,1h 52m,6.3,172
Grotesque 2,Comedy,N/A,6.6,393
Solos en la noche,Comedy,1h 28m,5.7,87
Trisha on the Rocks,Comedy,2h 52m,5.2,3K
Tanning Zone,Comedy,N/A,N/A,N/A
Amiche mai,Comedy,1h 30m,7,10
The Solitary Gourmet,Comedy,1h 50m,7.9,43
Down the Rabbit Hole,Comedy,1h 42m,5.6,533
Waarom Wettelen,Comedy,1h 46m,6.4,400
The Great Salish Heist,Comedy,1h 35m,7.1,27
N'avoue jamais,Comedy,1h 34m,5.8,431
Space Sharks,Comedy,1h 10m,1.5,311
Kyuka: Before Summer's End,Comedy,1h 43m,6.9,78
Almost Popular,Comedy,N/A,8.7,8
60 Miles North,Comedy,1h 21m,8.7,79
2nd Miracle in Cell No. 7,Comedy,2h 27m,7.8,197
Graveyard Shark,Comedy,1h 37m,3.3,211
Nakon ljeta,Comedy,1h 38m,6,182
Christmas Slasher,Comedy,N/A,N/A,N/A
4 Zéros,Comedy,1h 45m,3.5,124
Matchmaking 2,Comedy,1h 50m,6.5,52
December 31st Express,Comedy,1h 25m,6.7,260
Bull Run,Comedy,1h 37m,N/A,N/A
Yasam Koçu,Comedy,1h 35m,3.8,1.2K
Killer Babes,Comedy,1h 34m,3.5,282
Der Spitzname,Comedy,1h 30m,5.8,450
Once Upon a Christmas Wish,Comedy,1h 30m,6.1,311
Plastic Guns,Comedy,1h 35m,6.3,581
The Honest Candidate,Comedy,1h 36m,5.3,291
In Fidelity,Comedy,N/A,5.1,24
Local Kung Fu 3,Comedy,2h 16m,9.1,29
La petite vadrouille,Comedy,1h 36m,5.6,352
Suspended Time,Comedy,1h 45m,5.4,264
Sad Jokes,Comedy,1h 36m,6.6,65
Kakuda,Comedy,1h 56m,5.3,6.3K
Kill Me If You Dare,Comedy,1h 34m,4.6,1.3K
Boy Kaldag,Comedy,1h 34m,5,40
K-Pops!,Comedy,1h 54m,7.1,55
Honeymoonish,Comedy,1h 40m,5.3,1.5K
Puddysticks,Comedy,N/A,7.3,19
Successor,Comedy,2h 13m,6.8,1.2K
Mustafar Takes Los Angeles: A Live Staged Reading of Star Wars: Episode III,Comedy,2h 55m,7.8,21
Crust,Comedy,1h 42m,6.2,216
Clickbait: Unfollowed,Comedy,1h 30m,5,561
Doctor X: The Movie,Comedy,2h 8m,7.7,43
My Ex's Wedding,Comedy,1h 35m,8.5,43
One Night in Tokyo,Comedy,1h 35m,8.4,29
Koparan Kardesler,Comedy,N/A,2.4,51
Bairi,Comedy,2h 20m,7,495
Cat and Dog,Comedy,1h 26m,5.3,1K
Love Lies,Comedy,1h 54m,7.3,243
Nick and Nicky,Comedy,1h 52m,8.6,63
"Snow, Tea and Love 2: With a Little Luck",Comedy,1h 37m,3.9,256
Oflu Hoca 4,Comedy,1h 34m,5,28
Another Day in America,Comedy,N/A,8.9,82
Bocchi the Rock! Re:,Comedy,1h 30m,7.5,140
Lyubvi ne byvaet?,Comedy,1h 45m,5.4,151
Roti Kapda Romance,Comedy,2h 33m,7.5,2.5K
A Nice Jewish Boy,Comedy,1h 29m,6.2,299
Citizen Weiner,Comedy,N/A,8,49
"Maya, donne-moi un titre",Comedy,1h 1m,6.5,46
The Casagrandes Movie,Comedy,1h 29m,5.6,646
Agak Laen,Comedy,1h 59m,7.6,2.8K
Maybe Baby 2,Comedy,1h 45m,5.7,512
Hep Yek: Asiret,Comedy,1h 26m,2.3,196
Mord,Comedy,1h 24m,6.9,116
I Can't Live Without You,Comedy,1h 52m,5,787
Yall Drawn,Comedy,1h 30m,N/A,N/A
The Last Frenzy,Comedy,1h 47m,5.3,212
Sharmajee Ki Beti,Comedy,1h 56m,5.9,5.1K
Messy,Comedy,1h 30m,6.7,13
National Theatre Live: Nye,Comedy,2h 40m,8,250
Swargathile Katturumbu,Comedy,2h 19m,4.2,649
Jo Tera Hai Woh Mera Hai,Comedy,1h 41m,5.1,227
Umjolo: The Gone Girl,Comedy,1h 32m,4.4,263
3 Schmucks,Comedy,1h 31m,8.7,147
Mountain Shark,Comedy,1h 21m,5.1,96
U.S. Palmese,Comedy,2h,7.4,22
Vampire Zombies... From Space!,Comedy,1h 38m,7.6,59
(Un)lucky Sisters,Comedy,1h 22m,5.2,845
The Substance,Horror,2h 21m,7.3,275K
Nosferatu,Horror,2h 12m,7.3,175K
Heretic,Horror,1h 51m,7,115K
Presence,Horror,1h 24m,6.2,16K
Longlegs,Horror,1h 41m,6.6,177K
Alien: Romulus,Horror,1h 59m,7.1,236K
Smile 2,Horror,2h 7m,6.7,96K
MaXXXine,Horror,1h 43m,6.3,67K
Speak No Evil,Horror,1h 50m,6.8,91K
Abigail,Horror,1h 49m,6.6,94K
The Watchers,Horror,1h 42m,5.7,55K
Trap,Horror,1h 45m,5.8,128K
Terrifier 3,Horror,2h 5m,6.3,47K
The Rule of Jenny Pen,Horror,1h 44m,6.5,533
Oddity,Horror,1h 38m,6.7,40K
A Quiet Place: Day One,Horror,1h 39m,6.3,144K
Cuckoo,Horror,1h 42m,5.7,25K
I Saw the TV Glow,Horror,1h 40m,5.8,34K
Things Will Be Different,Horror,1h 42m,5.2,2.2K
Immaculate,Horror,1h 29m,5.8,51K
Don't Move,Horror,1h 32m,5.8,38K
In a Violent Nature,Horror,1h 34m,5.6,25K
The First Omen,Horror,1h 59m,6.5,63K
Grafted,Horror,1h 36m,5.6,2K
The Front Room,Horror,1h 34m,4.6,5.1K
Salem's Lot,Horror,1h 54m,5.6,33K
Apartment 7A,Horror,1h 47m,5.8,16K
Blackwater Lane,Horror,1h 48m,4.6,1.7K
The Shrouds,Horror,1h 59m,5.8,701
Time Cut,Horror,1h 31m,5,18K
The Damned,Horror,1h 29m,5.7,3.6K
The Strangers: Chapter 1,Horror,1h 31m,4.6,22K
Bagman,Horror,1h 33m,4.6,4.3K
The Deliverance,Horror,1h 52m,5.1,22K
Tarot,Horror,1h 32m,4.8,31K
Never Let Go,Horror,1h 41m,5.4,13K
Exhuma,Horror,2h 14m,6.9,22K
Little Bites,Horror,1h 45m,4.6,1.1K
MadS,Horror,1h 29m,6.4,6.8K
Bramayugam,Horror,2h 19m,7.8,14K
Winnie-the-Pooh: Blood and Honey 2,Horror,1h 33m,4.7,11K
Sumala,Horror,1h 52m,5.8,735
Die Alone,Horror,1h 31m,5.7,2.5K
Outbreak,Horror,1h 28m,4.5,791
Afraid,Horror,1h 24m,5.2,13K
Stream,Horror,2h 3m,5.6,6.5K
The Dead Thing,Horror,1h 34m,4.8,771
The Inheritance,Horror,1h 25m,4.7,2.8K
Lembayung,Horror,2h 3m,6.1,648
The Platform 2,Horror,1h 39m,4.9,39K
Humane,Horror,1h 33m,5.5,7K
Love Me Dead,Horror,1h 27m,6.5,31
The Devil's Bath,Horror,2h 1m,6.6,5.7K
Something in the Water,Horror,1h 26m,4.1,4.5K
Sting,Horror,1h 31m,5.7,16K
Succubus,Horror,1h 43m,4.6,1.1K
Night Swim,Horror,1h 38m,4.7,27K
Daddy's Head,Horror,1h 32m,5.6,4.6K
The Lost Daughter,Horror,1h 39m,5.8,274
V/H/S/Beyond,Horror,1h 54m,5.9,9.1K
Imaginary,Horror,1h 44m,4.7,17K
The Exorcism,Horror,1h 35m,4.2,11K
The Beast Within,Horror,1h 37m,4.2,4.4K
Blood Star,Horror,1h 37m,6.6,2K
A Sacrifice,Horror,1h 34m,5.1,5K
Lowlifes,Horror,1h 30m,6.2,6.2K
Hold Your Breath,Horror,1h 34m,5.3,8.3K
The Curse of the Necklace,Horror,1h 39m,4.5,940
The Soul Eater,Horror,1h 48m,5.9,2.4K
Outside,Horror,2h 22m,5.1,4.4K
Year 10,Horror,1h 36m,5.4,1.8K
The Wailing,Horror,1h 47m,6.1,974
Spin the Bottle,Horror,2h 4m,3.5,860
I Heart Willie,Horror,1h 28m,6.1,91
Shaitaan,Horror,2h 12m,6.5,54K
Pedro Páramo,Horror,2h 10m,6.3,2.8K
Hauntology,Horror,1h 43m,3.7,339
Curse of the Sin Eater,Horror,1h 30m,4.9,698
Shelby Oaks,Horror,1h 39m,6,236
Mom,Horror,1h 35m,5.2,155
Drained,Horror,1h 47m,4.6,272
Swap,Horror,1h 26m,2.9,322
We Bury the Dead,Horror,1h 34m,7.2,70
Handling the Undead,Horror,1h 37m,5.4,4.2K
Cellphone,Horror,1h 28m,3,691
House of Spoils,Horror,1h 41m,5,3.7K
Test Screening,Horror,1h 32m,6.8,63
Bad Fish,Horror,1h 24m,3.4,306
The Buildout,Horror,1h 10m,4.2,62
Night Talkers,Horror,1h 29m,4,76
You Can't Run Forever,Horror,1h 42m,4.5,4.2K
Believer,Horror,1h 48m,4.5,355
The Painted,Horror,1h 25m,4.8,251
Mr. Crocket,Horror,1h 28m,5.4,4.4K
Here After,Horror,1h 33m,4.1,1.3K
Sayuri,Horror,1h 48m,6.4,253
Shark Girl,Horror,1h 22m,2.6,133
The Depths,Horror,1h 28m,N/A,N/A
Chime,Horror,45m,6.4,2.2K
Out Come the Wolves,Horror,1h 26m,4.7,1.4K
Cinderella's Revenge,Horror,1h 25m,3.7,1.1K
Crescent City,Horror,1h 43m,3.9,1.3K
1978,Horror,1h 16m,5.5,151
Cinderella's Curse,Horror,1h 22m,3.3,1.3K
X Files,Horror,1h 14m,1.9,58
Freelance,Horror,1h 50m,4.8,299
Rippy,Horror,1h 23m,4.1,811
The Little Mermaid,Horror,1h 29m,3.8,138
The Ghost,Horror,1h 32m,7.5,74
Black Cab,Horror,1h 28m,4.2,1.6K
Are You There?,Horror,1h 28m,7.1,38
Milk & Serial,Horror,1h 2m,6.6,2.4K
The American Backyard,Horror,1h 47m,6.2,120
Witchboard,Horror,1h 55m,7.6,86
DarkGame,Horror,1h 40m,4.6,2.8K
Anatema,Horror,1h 31m,4.2,173
Queen of Bones,Horror,1h 30m,7.2,58
#AMFAD: All My Friends Are Dead,Horror,1h 31m,4.5,1.2K
Mononoke the Movie: The Phantom in the Rain,Horror,1h 29m,6.8,1.1K
Goldilocks and the Three Bears: Death and Porridge,Horror,1h 23m,2.4,1.4K
Sunrise,Horror,1h 33m,3.8,978
Bloodline Killer,Horror,1h 45m,3.8,4.4K
Ick,Horror,1h 27m,5.6,196
Dominion of Darkness,Horror,1h 36m,5.7,728
You Shall Not Sleep Tonight,Horror,1h 17m,4.1,328
Grave Torture,Horror,1h 57m,6.2,2.7K
Beezel,Horror,1h 21m,4.8,1.2K
The Monster Beneath Us,Horror,1h 43m,5.9,402
Mutants of Nature Cove,Horror,1h 28m,3.6,146
Conjuring the Cult,Horror,1h 33m,5.7,817
The Candy Store,Horror,1h 26m,4,67
The Demon Disorder,Horror,1h 26m,4.8,1.2K
Hell Hole,Horror,1h 32m,4.4,1.2K
Butchers Book Two: Raghorn,Horror,1h 28m,4.1,531
Amityville: Where the Echo Lives,Horror,1h 29m,1.5,256
Salve Maria,Horror,1h 51m,6.5,424
Model House,Horror,1h 25m,4,1.1K
Unnatural,Horror,1h 44m,5.1,85
True Fear,Horror,1h 32m,4.5,234
Perewangan,Horror,1h 49m,6.1,88
Devon,Horror,1h 12m,2.6,282
What Lurks Beneath,Horror,1h 42m,4.5,767
Bystanders,Horror,1h 22m,3.8,254
Down Below,Horror,1h 33m,2.8,176
We Are Wolves,Horror,1h 37m,3.5,255
Dead Mail,Horror,1h 46m,6.7,279
The Ceremony Is About to Begin,Horror,1h 10m,4.4,370
The Vampire Next Door,Horror,1h 50m,4.6,741
Heresy,Horror,1h 1m,6.9,265
Do Not Enter,Horror,1h 25m,5.3,524
Spring Garden,Horror,1h 30m,4.4,154
Animale,Horror,1h 38m,6,252
Black,Horror,1h 55m,7.1,2.7K
Went Up the Hill,Horror,1h 40m,6.9,75
Please Don't Feed the Children,Horror,1h 34m,5.5,66
Butchers Book Three: Bonesaw,Horror,1h 47m,5.4,57
Peripheral,Horror,1h 28m,9.4,22
There's a Zombie Outside,Horror,1h 15m,7,34
I'll Play Mother,Horror,1h 48m,5,71
What Happened to Suzy,Horror,1h 34m,6.6,58
Parvulos,Horror,1h 59m,6.7,284
Mona: Jinn-2,Horror,2h 4m,4.1,117
The Witch: Revenge,Horror,1h 40m,5.3,768
Witch,Horror,1h 47m,5.1,1.4K
Desert Road,Horror,1h 30m,6.7,154
Devils Stay,Horror,1h 35m,4.9,233
Cadi,Horror,2h 14m,6.3,4.3K
Consumed,Horror,1h 29m,3.7,576
Invasive,Horror,1h 37m,5.7,655
Huntress,Horror,1h 17m,2.9,79
#MissingCouple,Horror,1h 33m,5.3,454
Seeds,Horror,1h 22m,6.7,55
Silent Bite,Horror,1h 30m,3.7,483
Festival of the Living Dead,Horror,1h 28m,4.3,618
H. P. Lovecraft's the Old Ones,Horror,1h 24m,3.6,366
The Forbidden Camp: Mass Possession,Horror,1h 52m,6.1,240
Room Service,Horror,47m,3.9,289
The Corpse Washer,Horror,1h 47m,6.2,1.1K
The Bunker,Horror,1h 32m,7.1,41
Stupid Games,Horror,1h 26m,4.2,367
Turno Nocturno,Horror,1h 47m,5.8,228
Lost Angels,Horror,1h 36m,7.7,17
Go Away,Horror,N/A,4.3,168
Mulm,Horror,1h 38m,6.3,49
From Darkness,Horror,1h 35m,5,542
Cora,Horror,1h 40m,4.7,783
Bone Lake,Horror,1h 34m,6.9,41
Nokturno,Horror,1h 39m,3.7,205
A Desert,Horror,1h 43m,6.3,151
Possession: Kerasukan,Horror,1h 34m,3.5,271
Somnium,Horror,1h 32m,8.6,38
Strange Frequencies: Taiwan Killer Hospital,Horror,1h 31m,7.9,36
Do You See What I See,Horror,1h 49m,5.4,620
Frewaka,Horror,1h 43m,6.3,136
Amp House Massacre,Horror,1h 20m,3.9,164
Camp Pleasant Lake,Horror,1h 30m,3.3,2.4K
The Beldham,Horror,N/A,6.4,33
The Haunted Apartment,Horror,1h 43m,7.4,74
Invader,Horror,1h 10m,5.8,49
Horror in the High Desert 3: Firewatch,Horror,1h 28m,5.4,691
Curse of the Seven Oceans,Horror,1h 34m,5.8,134
Rita,Horror,1h 47m,5.8,263
Tantra,Horror,2h 16m,5.5,2.3K
Remnant,Horror,1h 52m,2.7,312
In Our Blood,Horror,1h 29m,6.8,44
Wanita Ahli Neraka,Horror,1h 35m,8.7,46
Life of Belle,Horror,1h 13m,5,629
"The Haunted, the Possessed and the Damned",Horror,1h 51m,2.8,43
Else,Horror,1h 40m,6.1,223
The Devil's Disciples,Horror,1h 22m,9.1,35
The Windigo,Horror,1h 25m,5,621
Kalinga,Horror,1h 56m,7.8,7.5K
Siccin 7,Horror,1h 34m,4.1,884
Cara,Horror,1h 36m,7.1,41
Pater Noster and the Mission of Light,Horror,N/A,7.3,122
Curse of the Naked Ghost Hunters,Horror,35m,5,11
Solvent,Horror,N/A,7.5,383
The Legend of Lake Hollow,Horror,1h 28m,3.7,481
House of Ashes,Horror,1h 35m,6.8,26
Monster Mash,Horror,1h 25m,3.5,411
Mister Sleep,Horror,1h 34m,3.4,167
The Hunted,Horror,1h 34m,5.1,363
Texas Cult House,Horror,N/A,8.2,21
Death's Sonata,Horror,1h 43m,7.7,244
Possessions,Horror,1h 29m,3.8,839
Family,Horror,1h 35m,7.6,30
Munkar,Horror,1h 27m,5.2,469
The Severed Sun,Horror,N/A,6.4,33
Its Name Was Mormo,Horror,1h 33m,3.8,111
Spithood,Horror,58m,5.8,1.1K
Delicate Arch,Horror,1h 25m,5.6,35
The Backrooms,Horror,1h 3m,N/A,N/A
Pasahero,Horror,2h,6.1,20
The Alien Report,Horror,1h 21m,4.6,148
The Redemption of Sin,Horror,1h 56m,7.1,56
Don't Make a Sound,Horror,1h 20m,4.6,27
Bury Your Dead,Horror,2h 8m,5.4,75
Obayifo Project,Horror,1h 11m,3.7,199
Replicator,Horror,1h 15m,4.3,95
Do Not Open,Horror,1h 31m,2.6,256
Chateau,Horror,1h 23m,3.9,250
History of Evil,Horror,1h 38m,3.4,815
Scared to Death,Horror,1h 38m,6.2,26
A Mother's Embrace,Horror,1h 30m,5.8,547
Hunting Matthew Nichols,Horror,1h 36m,9,44
Director's Cut,Horror,1h 30m,7.8,73
Dancing Village: The Curse Begins,Horror,2h 2m,5.7,4.1K
Demonte Colony 2,Horror,2h 24m,6.6,4.4K
The Moogai,Horror,1h 26m,5.5,138
Kromoleo,Horror,1h 20m,4.1,207
The Jack in the Box Rises,Horror,1h 32m,4.1,775
The Naughty List of Mr. Scrooge,Horror,1h 30m,4.5,190
Paranoia,Horror,1h 35m,4.1,350
Haze,Horror,1h 16m,7,42
A Savior Red,Horror,1h 27m,6.5,195
The Stalking,Horror,1h 12m,4.8,29
The Containment,Horror,N/A,N/A,N/A
Dinner with Leatherface,Horror,1h 46m,7.8,13
Ghost Game,Horror,1h 26m,3.4,271
Last Stop: Rocafort St.,Horror,1h 29m,4.1,439
Steamboat Willie: Blood on the Water,Horror,N/A,N/A,N/A
Portraits,Horror,1h 22m,4.9,43
Wineville,Horror,1h 40m,4.4,215
Bag of Lies,Horror,1h 36m,3.8,564
Strange Harvest: Occult Murder in the Inland Empire,Horror,1h 34m,6.6,63
The Cellar,Horror,1h 25m,5.8,160
Good Neighbours,Horror,1h 24m,3.2,158
"Spider Baby, or The Maddest Story Ever Told",Horror,1h 12m,5.2,84
Thaghut,Horror,1h 42m,5.9,269
The Sin,Horror,1h 43m,5.3,328
The Seductress from Hell,Horror,1h 42m,7,14
9 Windows,Horror,1h 22m,3.6,300
The Family Business,Horror,1h 29m,8.2,23
Name the Demon,Horror,1h 17m,3.5,158
Heretics,Horror,1h 23m,5.9,34
House on Haunted Hill,Horror,N/A,3,30
Spirit Whisker: The Revenant,Horror,1h 49m,5.5,41
Wake,Horror,1h 25m,3.4,260
Cursed,Horror,1h 21m,4.2,130
Invited,Horror,1h 11m,5.2,191
Black Spines,Horror,1h 40m,6.9,21
Dagr,Horror,1h 17m,4.5,2.7K
Happy Birthday Luci,Horror,N/A,9.4,55
Sorop,Horror,1h 43m,6.9,56
Aiden,Horror,1h 14m,2.6,116
The Blackwell Ghost 8,Horror,1h 9m,6.1,371
"Hemet, or the Landlady Don't Drink Tea",Horror,1h 29m,4.3,84
Followers,Horror,1h 14m,3.7,241
The Beast Inside,Horror,N/A,6.5,32
Whisper of the Witch,Horror,1h 35m,3.9,316
Vina: Before 7 Days,Horror,1h 40m,5.4,565
Terror of the Soul,Horror,N/A,N/A,N/A
The McKinney Family Home Videos,Horror,1h 8m,5.6,21
Sengkolo: Malam satu suro,Horror,1h 40m,6.1,43
Weekend Deadaway,Horror,N/A,5,76
Campton Manor,Horror,1h 23m,3.4,217
Pasar Setan,Horror,1h 36m,6.8,53
Pacific Fear,Horror,1h 25m,3.4,162
Daft State,Horror,N/A,6.4,40
Death Streamer,Horror,1h 12m,3,225
Las Tias,Horror,1h 27m,4.8,243
Killer Influence,Horror,1h 24m,2.8,251
The Carters,Horror,N/A,5.5,12
Winter Island,Horror,1h 42m,4.7,155
You Shouldn't Have Let Me In,Horror,1h 24m,4.1,174
Ghatikachalam,Horror,N/A,7,5
Mother Father Sister Brother Frank,Horror,1h 25m,7.4,102
Dracula: The Count's Kin,Horror,N/A,5,44
Bangsal Isolasi,Horror,1h 16m,4.7,146
THEDÆMON,Horror,1h 27m,6.9,37
Nearing Death,Horror,1h 36m,5.7,310
American Werewolf,Horror,1h 7m,3.1,95
Saint Catherine,Horror,1h 26m,5.8,47
The Waves of Madness,Horror,N/A,6.7,15
The Girl in the Trunk,Horror,1h 30m,3.3,337
Mandira,Horror,2h 1m,6,992
Zim Zim Ala Kazim,Horror,1h 40m,3.5,106
The Shadow,Horror,1h 30m,6.5,227
H.P. Lovecraft's the Shadow Over Innsmouth,Horror,N/A,7.7,12
The Book of the Witch,Horror,1h 13m,5.5,101
Hellhounds,Horror,1h 21m,3.4,169
Camp Blood 9: Bride of Blood,Horror,N/A,7,340
The Boys,Horror,2h 11m,4.7,135
The Last Nightmare Part One,Horror,50m,6.1,72
Skeletons in the Closet,Horror,1h 32m,3,560
Fright,Horror,1h 21m,6.8,54
Carnage for Christmas,Horror,1h 9m,4.5,334
Where is My Head?,Horror,1h 30m,6.8,80
Gacy: Serial Killer Next Door,Horror,1h 37m,3.3,473
Manipula,Horror,1h 34m,8,21
Five Friends,Horror,1h 52m,6.7,840
Tsunami Sharks,Horror,1h 10m,3.4,46
In the Belly of a Tiger,Horror,1h 31m,7.4,101
Tenants,Horror,1h 34m,5.9,77
Till Death Do Us Part,Horror,1h 48m,6.3,266
Scurry,Horror,1h 30m,7.7,21
Sattam En Kaiyil,Horror,2h 4m,8,2.2K
Air Fryer Slaughter,Horror,1h 30m,7,354
Oculus,Horror,1h 53m,6,15
Members Club,Horror,1h 30m,4.7,150
Devil,Horror,1h 58m,4.6,1.6K
Slashercise,Horror,58m,5.4,12
Dead Whisper,Horror,1h 28m,3.9,544
Lizzie Lazarus,Horror,1h 31m,4.5,91
Sakaratul Maut,Horror,1h 47m,5.5,146
The Thing,Horror,N/A,N/A,N/A
Z Zone,Horror,1h 23m,5.1,14
Ouija Castle,Horror,N/A,3.6,99
Inherit the Witch,Horror,1h 25m,3.2,49
Bogieville,Horror,1h 48m,5.7,323
Crispy,Horror,1h 16m,3.4,77
The Train of Death,Horror,1h 43m,4.7,658
Run!,Horror,1h 26m,3.5,99
200KG Vampire,Horror,1h 33m,5.2,29
Morena,Horror,1h 46m,8,50
Kryptic,Horror,1h 36m,6.4,92
Lord of Wolves,Horror,1h 27m,2.8,137
Pigman,Horror,N/A,3.7,68
OMG: O Manchi Ghost,Horror,2h 5m,5.2,585
Terrornet,Horror,1h 28m,3.8,79
The Killgrin,Horror,N/A,7.7,12
The Girl Who Cried Her Eyes Out,Horror,1h 34m,3.9,684
Broken Bird,Horror,1h 39m,5.8,118
Mystic Singer,Horror,1h 36m,4.8,234
Don't Open the Door,Horror,1h 27m,6.6,8.4K
My Boo,Horror,2h 5m,6.1,649
Jhamkudi,Horror,2h 31m,6.6,977
Don Dukun,Horror,1h 38m,7,48
A Stranger in the Woods,Horror,1h 24m,4.1,462
Aranmanai 4,Horror,2h 28m,5,2.3K
Tragic Waste,Horror,1h 17m,7.9,79
No Voltees,Horror,1h 34m,5.5,205
O Clube das Mulheres de Negócios,Horror,1h 35m,4.9,91
Scared Shitless,Horror,1h 16m,6.1,204
Hunters on a White Field,Horror,1h 40m,4.9,442
"Nanay, tatay",Horror,2h,7.6,40
Vertical,Horror,1h 51m,5.2,109
Advent,Horror,1h 17m,4.8,21
Valari,Horror,2h 15m,8,2.6K
Hunter of the Night,Horror,1h 30m,5.7,50
A Halloween Feast,Horror,1h 43m,5.5,777
Feet of Death,Horror,1h 46m,3.9,224
Deadly Culture: Final Mutation,Horror,1h 9m,2.7,49
This Never Happened,Horror,1h 30m,4.8,371
Hello Neighbor,Horror,N/A,7.9,15
The Night Curse of Reatrei,Horror,1h 35m,4.5,110
Rambut Kafan,Horror,1h 38m,4.7,80
The Clock,Horror,1h 20m,3.7,20
Camp Terror,Horror,1h 50m,4.7,36
Listen Carefully,Horror,1h 21m,3.4,135
Easter Bloody Easter,Horror,1h 43m,3.2,275
Ice Nine Kills Presents: Welcome to Horrorwood,Horror,1h 16m,8.4,28
Catch a Killer,Horror,1h 22m,6.9,9
Touched by Eternity,Horror,1h 35m,6,50
"Silent Night, Bloody Night 3: Descent",Horror,1h 40m,4.2,145
Buzz House: The Movie,Horror,1h 33m,3.2,1.2K
Guys at Parties Like It,Horror,1h 19m,3.9,164
Kutukan Calon Arang,Horror,1h 41m,N/A,N/A
Hide N Seek,Horror,2h 14m,8.9,2.2K
Noise,Horror,1h 35m,6.8,7
Dosen Ghaib: It's Nighttime or You Already Know,Horror,1h 34m,4.2,250
Blink Twice,Mystery,1h 42m,6.5,99K
Juror #2,Mystery,1h 54m,7,90K
Caddo Lake,Mystery,1h 43m,6.8,40K
Sleeping Dogs,Mystery,1h 50m,6.2,21K
Killer Heat,Mystery,1h 37m,5.6,13K
Monster Summer,Mystery,1h 37m,5.7,3.4K
Kishkindha Kaandam,Mystery,2h 13m,8,11K
The Girl in the Pool,Mystery,1h 29m,4.3,1.4K
Force of Nature: The Dry 2,Mystery,2h,5.9,6.6K
The Sand Castle,Mystery,1h 38m,4.7,1.6K
Turtles All the Way Down,Mystery,1h 51m,6.6,6.8K
Colors of Evil: Red,Mystery,1h 51m,6.4,8.3K
Strictly Confidential,Mystery,1h 34m,2.8,824
Depravity,Mystery,1h 57m,4.3,898
Do Patti,Mystery,2h 6m,6.4,68K
The Image of You,Mystery,1h 30m,4.6,790
Cult Killer,Mystery,1h 45m,4.8,2.7K
Golam,Mystery,2h,7.2,5.4K
A Place Called Silence,Mystery,1h 59m,6.5,1.2K
Hidden Face,Mystery,1h 55m,6.1,460
Mr. K,Mystery,1h 34m,6.2,346
American Star,Mystery,1h 47m,5.5,2.4K
Gaami,Mystery,2h 27m,6.4,2K
Compulsion,Mystery,1h 34m,N/A,N/A
Dark Night of the Soul,Mystery,2h 1m,3.4,157
Arcadia,Mystery,1h 39m,6.9,429
Held Hostage in My House,Mystery,1h 30m,5.2,117
Rakshana,Mystery,2h 19m,5.6,1.1K
Saint Clare,Mystery,1h 32m,7.6,87
Thalavan,Mystery,2h 11m,7.2,4.4K
Anweshippin Kandethum,Mystery,2h 22m,7.4,10K
Chaalchitro: The Frame Fatale,Mystery,2h 4m,6.4,762
About a Hero,Mystery,1h 24m,6.5,31
The Manifestation,Mystery,1h 24m,3.6,177
Merry Christmas,Mystery,2h 24m,6.9,30K
They Called Him Mostly Harmless,Mystery,1h 29m,5.9,3.2K
Deadly Invitations,Mystery,1h 29m,4.2,177
Salawahan,Mystery,1h 56m,4.3,193
Following,Mystery,1h 42m,6.4,1.2K
Phir Aayi Hasseen Dillruba,Mystery,2h 12m,5.8,6.7K
Gazer,Mystery,1h 54m,6.4,96
Shigatsu ni nareba kanojo wa,Mystery,1h 48m,6.2,415
The Yin Yang Master Zero,Mystery,1h 52m,5.7,254
Bhoothaddam Bhaskar Narayana,Mystery,2h 21m,6.3,259
Chapel,Mystery,1h 32m,3.3,169
Borderless Fog,Mystery,1h 50m,5.2,1.3K
Algiers,Mystery,1h 33m,7.9,44
Brief History of a Family,Mystery,1h 39m,6.7,394
10 Days of a Curious Man,Mystery,1h 50m,5.8,1.2K
Rautu Ka Raaz,Mystery,1h 54m,6.3,1.9K
Abraham Ozler,Mystery,2h 23m,6.5,4.1K
Karma's a Bitch,Mystery,1h 29m,5,29
Glass Casa,Mystery,1h 46m,8,41
Dirty Boy,Mystery,1h 38m,8.2,17
Karina,Mystery,1h 31m,6.9,16
Murder and Cocktails,Mystery,1h 28m,4,355
Simbaa,Mystery,2h 1m,5.9,2.2K
Transamazonia,Mystery,1h 52m,6.2,58
You Are Not Alone,Mystery,1h 45m,6.2,60
Kurukku,Mystery,1h 49m,6.6,529
Hunting Daze,Mystery,1h 19m,6.1,449
Pride,Mystery,2h 5m,8.9,10
The Temp,Mystery,N/A,5.6,46
You Will Die in 6 Hours,Mystery,1h 31m,4.8,240
Tenant,Mystery,1h 39m,4.1,210
Detective Conan: The Million-Dollar Pentagram,Mystery,1h 51m,6.8,1.4K
Dark Feathers: Dance of the Geisha,Mystery,1h 33m,6.2,840
Bato: Road to Death,Mystery,2h 17m,5.3,716
Backfire,Mystery,N/A,N/A,N/A
Free Falling,Mystery,1h 29m,5.2,285
Andhagan,Mystery,2h 22m,6.7,1.2K
The Ruse,Mystery,1h 45m,N/A,N/A
House of Lies,Mystery,1h 22m,3.8,183
Dead Man,Mystery,1h 49m,5.1,202
Tell No Lies,Mystery,1h 44m,5.1,243
Beline,Mystery,1h 28m,5.6,1.3K
Prasanna Vadanam,Mystery,2h 26m,6.6,530
The Haunting of Hollywood,Mystery,1h 25m,7.3,265
Somebody,Mystery,1h 52m,N/A,N/A
Passages of Nexus,Mystery,1h 48m,6.3,178
Snow Valley,Mystery,1h 15m,2.8,333
Faultline,Mystery,1h 32m,6.3,54
Pogumidam Vegu Thooramillai,Mystery,2h 13m,7.4,3.8K
Don't Look Back... I Know Your Origins,Mystery,1h 44m,4.6,74
Take Good Care,Mystery,1h 41m,N/A,N/A
Mannequin,Mystery,N/A,5.7,104
Perfect Blue,Mystery,N/A,N/A,N/A
Døde menn går på ski,Mystery,1h 29m,5.5,187
Aru Tozasareta Yuki no Sanso de,Mystery,1h 49m,5.1,118
Water Horse,Mystery,1h 25m,6,238
Next to Us,Mystery,2h 5m,4.9,220
Daitya,Mystery,1h 41m,N/A,N/A
Partners,Mystery,1h 50m,4.8,106
Cheat,Mystery,1h 45m,4.1,188
A Stranger's Child,Mystery,1h 28m,5.3,131
Videotheque,Mystery,1h 52m,6.1,98
Cidade; Campo,Mystery,1h 59m,6.3,132
Ranam Aram Thavarel,Mystery,2h 1m,5.9,801
A Strange House,Mystery,1h 50m,5.5,302
The Sintern,Mystery,1h 38m,4.7,154
DNA,Mystery,2h 36m,5.2,209
Tale of the Land,Mystery,1h 39m,6.2,11
A Song from the Dark,Mystery,1h 45m,4.8,2.2K
At Her Feet,Mystery,1h 40m,7.5,39
First Nights at Freddy's,Mystery,1h 38m,9.2,13
A Knife in the Dark,Mystery,1h 16m,3.2,86
LasseMajas detektivbyrå - Maskoten som försvann,Mystery,1h 30m,6.1,52
The Star City Murders,Mystery,1h 19m,4.1,140
An Intruder Among Us,Mystery,N/A,9.2,14
Live or Dead: The García File,Mystery,1h 24m,6.4,85
Flesh of the Unforgiven,Mystery,1h 28m,9,38
Bodiless,Mystery,1h 30m,5.7,976
Like Aani Subscribe,Mystery,2h 20m,7.5,6.2K
The Hunter's Anthology: The Demon Hunter,Mystery,2h 6m,4.9,93
Octopus with Broken Arms,Mystery,1h 49m,6.2,151
Oshi no Ko: The Final Act,Mystery,2h 9m,7.7,90
The Unseen Sister,Mystery,1h 52m,5.9,768
Behave,Mystery,1h 28m,3,136
Final Girl: Halloween,Mystery,1h 25m,4.6,105
Lunacy,Mystery,1h 17m,5,59
The Well,Mystery,N/A,4.6,13
Raktaksha,Mystery,1h 58m,8.5,1.4K
Grayson's Encounter,Mystery,1h 10m,7.3,22
A Herança,Mystery,1h 20m,6.4,56
To Kill a Wolf,Mystery,1h 32m,8.8,35
The Box,Mystery,1h 19m,3.7,68
My Husband Hired a Hitman,Mystery,1h 32m,4.6,85
Suspect,Mystery,1h 34m,4.6,74
Waterdrop,Mystery,1h 30m,7.2,36
Clownface 3,Mystery,1h 44m,9.4,34
The Gatekeeper,Mystery,1h 37m,5.3,18
7/G,Mystery,2h 20m,4.5,637
Séance Games: Metaxu,Mystery,1h 26m,3.7,143
Cold Blows the Wind,Mystery,1h 25m,5.1,352
Anak Perjanjian Syaitan 2,Mystery,1h 29m,6.6,32
The Birthday Boy,Mystery,1h 58m,8.8,3K
Huggin Molly,Mystery,54m,5.9,73
Vivekam,Mystery,1h 44m,8.2,308
The Whisper Within the Woods,Mystery,N/A,7.7,22
Best Man Dead Man,Mystery,1h 23m,7.8,7
Uninvited,Mystery,1h 33m,6.7,70
Athomugam,Mystery,2h 10m,6.9,627
Housekeeping,Mystery,1h 38m,6,41
Mesken (Messuage),Mystery,1h 42m,7.3,34
The Last Chainsaw Massacre,Mystery,1h 15m,4,38
A Thousand Cuts,Mystery,N/A,N/A,N/A
Amityville Turkey Day,Mystery,1h 34m,2.4,284
Kuramerukagari,Mystery,1h 1m,5.8,78
Rukhwat,Mystery,1h 57m,10,6
Insane Like Me?,Mystery,1h 26m,4.5,52
Anno 2020,Mystery,2h 25m,8.6,24
While You Were Sleeping,Mystery,1h 39m,6.1,157
Burning Butterflies,Mystery,1h 43m,3,8
Chithini,Mystery,2h 31m,6,551
Danger in the Dorm,Mystery,1h 26m,5.1,149
A Cold Grave,Mystery,N/A,3.5,269
Widowbird,Mystery,1h 25m,N/A,N/A
Pop the Pickel,Mystery,1h 20m,N/A,N/A
Wishes of the Blue Girl,Mystery,1h 13m,4.4,370
Welcome to the Game,Mystery,1h 30m,5.8,61
Lipstick on the Glass,Mystery,1h 56m,4.6,12
The Apocalypse Box,Mystery,1h 26m,3.3,237
Dark Deceptions,Mystery,1h 22m,6.4,35
Not Your Average Family,Mystery,1h 37m,5.7,103
Sam and Colby: The Legends of the Paranormal,Mystery,1h 38m,4.8,303
Soch - A perception,Mystery,N/A,8.2,38
Crime by Design,Mystery,N/A,N/A,N/A
Gossip to Die For,Mystery,1h 34m,5.3,80
LOTUS,Mystery,1h 57m,7.9,8
A Girl Upstairs,Mystery,1h 30m,6.6,45
Chapter 51,Mystery,N/A,N/A,N/A
Black.White.Red.,Mystery,1h 33m,7.8,24
Flashlight,Mystery,1h 17m,4.2,11
Nico,Mystery,1h 49m,8.3,43
Zateryannye,Mystery,1h 30m,5.9,192
PinkCity: A Psychedelic Meditation,Mystery,1h 35m,N/A,N/A
Beneath the Bad,Mystery,N/A,N/A,N/A
The Secret of Pin-Up Island,Mystery,1h 47m,7.4,92
Kuchinai sakura,Mystery,1h 59m,6.5,48
Teddiscare,Mystery,1h 22m,2.1,157
The Ugly,Mystery,N/A,N/A,N/A
The Washer,Mystery,1h 30m,7.5,9
Room 0,Mystery,1h 42m,3.1,207
Meitantei Conan Bâsasu Kaitô Kiddo,Mystery,1h 21m,6.2,151
The Fall of 2008,Mystery,1h 1m,N/A,N/A
Maid to Kill,Mystery,1h 31m,N/A,N/A
We Are Tourists,Mystery,1h 37m,N/A,N/A
Hidden Memories,Mystery,1h 24m,5.9,30
Scarlet Blue,Mystery,1h 46m,5.9,15
Apatiya,Mystery,N/A,6.9,44
Four Nights in Fear Forest,Mystery,N/A,N/A,N/A
Wicked Season,Mystery,N/A,5.4,34
I Married as the Replacement Bride,Mystery,N/A,7.3,30
Clasat,Mystery,1h 31m,8.5,37
Kaljiga,Mystery,1h 54m,8.3,36
Thy Will Be Done,Mystery,1h 38m,N/A,N/A
The Hole Story,Mystery,1h 27m,N/A,N/A
Dr. Jason II - Lights & Shadows,Mystery,1h 2m,5.4,274
Scopophobia,Mystery,1h 40m,6,42
Foreclosure 2,Mystery,1h 17m,3.5,97
Haunting Trophies,Mystery,2h 30m,7.7,65
DreadClub: Vampire's Verdict,Mystery,N/A,5.3,54
Los capítulos perdidos,Mystery,1h 8m,7.3,12
The Twelve Step Strangler,Mystery,N/A,N/A,N/A
Tilottoma,Mystery,1h 38m,8.4,22
The Women in the Lakes,Mystery,2h 21m,4.9,25
Shadows of Betrayal: Chronicles of Ian Blair,Mystery,1h 5m,7.3,12
Nature Cat's Nature Movie Special Extraordinaire,Mystery,N/A,7.2,17
The Legend of the Vagabond Queen of Lagos,Mystery,1h 40m,8.2,25
Dream Lock,Mystery,1h 40m,8.6,21
Di Renjie: Tongtian xuan an,Mystery,1h 25m,7.2,15
Husna,Mystery,2h 30m,N/A,N/A
The Mermaid,Mystery,1h 45m,N/A,N/A
This Land of Mine,Mystery,1h 30m,8,5
Viral,Mystery,1h 2m,N/A,N/A
Birthmark,Mystery,1h 57m,4.5,193
Who Killed Terrance Brown?,Mystery,N/A,N/A,N/A
Ictus: Paciente Cero,Mystery,N/A,N/A,N/A
Real Life Fiction,Mystery,1h 35m,5,10
Ruki vverkh!,Mystery,1h 42m,5.5,240
#Models Wanted,Mystery,N/A,8.8,32
10/31 Part 4,Mystery,1h 27m,5.6,17
Blue Christmas,Mystery,1h 19m,5.8,18
Danyang Mahar Tukar Nyawa,Mystery,1h 50m,6.5,7
L.I.F.E.,Mystery,1h 48m,4.1,30
A Question of Guilt,Mystery,N/A,6.4,20
The Mystery of Humanoid Puppet,Mystery,1h 28m,6.7,60
King Saud,Mystery,1h 40m,8.4,12
The Journalist,Mystery,N/A,N/A,N/A
Treasures of Terror Vol 1,Mystery,N/A,4.4,17
Unknown Caller,Mystery,1h 3m,5.4,17
Fanum: Ombre dal passato,Mystery,N/A,N/A,N/A
Dirty Thirty,Mystery,1h 36m,N/A,N/A
Fidan,Mystery,N/A,7.6,59
American Dirge,Mystery,1h 21m,N/A,N/A
Bo Nan Za,Mystery,1h 1m,9.1,27
The Stranger,Mystery,1h 40m,7.2,8
Nayan Rahasya,Mystery,1h 54m,4.8,167
Una historia y ya...,Mystery,1h 27m,3.9,38
Last Party,Mystery,N/A,N/A,N/A
"Rapunzel, El Perro y El Brujo",Mystery,1h 49m,7.8,21
Miss PJ,Mystery,1h 55m,5.3,65
The Land of Morning Calm,Mystery,1h 53m,6.1,19
That person has disappeared,Mystery,N/A,6.2,14
Midnight Taxi,Mystery,N/A,7.5,33
Idealnaya zhertva,Mystery,1h 32m,7,7
Inquietus,Mystery,N/A,N/A,N/A
Dank Frank,Mystery,1h 21m,N/A,N/A
Real Estate Sisters,Mystery,1h 24m,4.8,16
Perfumed with Mint,Mystery,1h 51m,6.2,22
Shri Swapankumarer Badami Hyenar Kobole,Mystery,2h 26m,5.6,322
The Spoils,Mystery,N/A,8.6,118
Muroi Shinji: Yaburezaru Mono,Mystery,1h 55m,7.7,7
Grimmwood,Mystery,N/A,6.3,7
Dindin,Mystery,1h 16m,N/A,N/A
Dead Dead Full Dead,Mystery,1h 50m,6.6,14
Nasibpura,Mystery,N/A,6.5,6
Swakaryam Sambhavabahulam,Mystery,1h 56m,6.3,183
Dharma Daiva,Mystery,1h 52m,7.7,24
When Autumn Comes,Mystery,1h 21m,N/A,N/A
The Answer to All Questions,Mystery,N/A,7,13
Duplicitous Minds,Mystery,N/A,N/A,N/A
Gunfighter Paradise,Mystery,N/A,8.7,16
Astrid's Saints,Mystery,N/A,7.2,10
Who Killed Angel Adams?,Mystery,1h 16m,6.2,22
Jin Qian Bao Lei,Mystery,N/A,3.4,12
Inti Number 13,Mystery,2h 7m,8,1.1K
Tears of Blood,Mystery,N/A,9.7,6
Durga,Mystery,2h 14m,8.5,168
Dead Boys Club,Mystery,1h 45m,6.1,24
Ithuvare,Mystery,2h 9m,5.5,25
Leatherbound,Mystery,N/A,8,8
The Victims,Mystery,1h 39m,5.9,80
El Portal,Mystery,N/A,N/A,N/A
In Unison,Mystery,1h 40m,N/A,N/A
Strangers,Mystery,1h 39m,7,6
Into the Box,Mystery,1h 36m,6.5,7
Los Alamos,Mystery,1h 31m,N/A,N/A
Sanak,Mystery,2h 33m,8.7,8
The Burned Hand,Mystery,1h 25m,8,12
Malam Keramat,Mystery,1h 30m,6.1,26
Guadalupe: Mother of Humanity,Mystery,1h 42m,7.2,38
"I'm Okay, We're Okay",Mystery,1h 47m,N/A,N/A
Fragmentos de Olvido,Mystery,1h 34m,N/A,N/A
Satham Indri Mutham Tha,Mystery,1h 47m,7.4,1.2K
What Lies Within,Mystery,1h 30m,5.2,12
Danger Zone,Mystery,2h 2m,8.4,5
Giant fish,Mystery,1h 24m,N/A,N/A
Problematic Intentions,Mystery,1h 30m,4.8,14
Odile: Opening before Christmas,Mystery,N/A,7,16
Sragaal,Mystery,2h 20m,8.4,19
Ellige Payana Yavudo Daari,Mystery,2h 14m,8.6,255
Entre Paris et Leuven,Mystery,1h 47m,N/A,N/A
The Veyshal Movie,Mystery,2h,N/A,N/A
Aliens Uncovered: UFOs Over Arizona,Mystery,1h 56m,8.4,16
Chandranum Policeum,Mystery,1h 53m,8.6,578
Bigul,Mystery,2h 24m,9.2,45
Xiang Xi Gui Shi,Mystery,1h 12m,N/A,N/A
Secret,Mystery,1h 59m,3.8,758
Kadhai,Mystery,1h 40m,9.2,32
The Film Lost to Time,Mystery,1h 15m,N/A,N/A
The Director's Cut,Mystery,1h 22m,4.6,13
Churul,Mystery,1h 44m,9.2,194
Creatures of Habit,Mystery,N/A,N/A,N/A
Dream Thief,Mystery,N/A,N/A,N/A
Strange Magick,Mystery,1h 28m,N/A,N/A
Night Demon,Mystery,1h,N/A,N/A
Case 19: Vichchhiya,Mystery,51m,N/A,N/A
Saka Perawan,Mystery,1h 31m,5,53
First Person Savior,Mystery,1h 21m,4.9,11
Kinoplenka N8,Mystery,1h 50m,4.2,52
Artificial Evil Awakens,Mystery,1h 3m,9.1,9
AusWeg,Mystery,N/A,8.9,38
A Coffin of Stars,Mystery,1h 40m,N/A,N/A
Darah Nyai,Mystery,1h 30m,N/A,N/A
Joy Hanu Man,Mystery,2h 23m,8.9,25
Bahirbhoomi,Mystery,2h,5.6,1.1K
Blue Caveman,Mystery,N/A,N/A,N/A
Ramuvinte Manaivikal,Mystery,1h 56m,N/A,N/A
Tranquility: Ghost Stories,Mystery,1h 28m,7.6,53
The Man,Mystery,1h 4m,N/A,N/A
Cose nere,Mystery,1h 23m,N/A,N/A
Katabasis,Mystery,N/A,8.2,23
Wicked,Romance,2h 40m,7.5,139K
Babygirl,Romance,1h 54m,6,46K
It Ends with Us,Romance,2h 10m,6.4,80K
We Live in Time,Romance,1h 48m,7,47K
Queer,Romance,2h 17m,6.5,17K
All We Imagine as Light,Romance,1h 58m,7.1,8.6K
Culpa Tuya,Romance,1h 58m,5.2,12K
Emmanuelle,Romance,1h 47m,4.2,1.4K
Sidelined: The QB and Me,Romance,1h 39m,5.9,3.4K
Someone Like You,Romance,1h 58m,5.8,2K
Beating Hearts,Romance,2h 46m,7.1,3.9K
Lick,Romance,1h 15m,6.3,695
Mon Potongo,Romance,2h 29m,6.2,115
Love Me,Romance,1h 31m,5.2,2.1K
Young Woman and the Sea,Romance,2h 9m,7.5,16K
La Cocina,Romance,2h 19m,7.2,2.3K
The Tearsmith,Romance,1h 43m,5.2,12K
Lonely Planet,Romance,1h 34m,5.7,11K
Touch,Romance,2h 1m,7.4,5.1K
Girl Haunts Boy,Romance,1h 40m,6.3,2.8K
Winter Spring Summer or Fall,Romance,1h 37m,6.5,360
Jane Austen Wrecked My Life,Romance,1h 34m,6.6,147
Girls Will Be Girls,Romance,1h 58m,7.1,2.2K
Loveable,Romance,1h 41m,8.1,1.2K
Grand Tour,Romance,2h 8m,6.5,1.4K
The Greatest Hits,Romance,1h 34m,6.2,7.2K
The Silence of Marcos Tremmer,Romance,1h 52m,5.9,116
Ask Me What You Want,Romance,1h 54m,3.6,308
Darkest Miriam,Romance,1h 27m,6.9,29
Romance on the Ranch,Romance,1h 28m,6.8,281
Sex,Romance,2h 5m,6.7,845
High Tide,Romance,1h 41m,6.6,470
Lilies Not for Me,Romance,1h 39m,8,73
Take My Hand,Romance,1h 42m,6.3,276
A True Gentleman,Romance,1h 50m,4.5,2K
18×2 Beyond Youthful Days,Romance,2h 3m,7.3,1.8K
5lbs of Pressure,Romance,1h 51m,5.3,1.5K
The Air He Breathes,Romance,1h 46m,6.4,355
Qalb,Romance,2h 27m,6.6,2.3K
Private Tutor,Romance,1h 5m,4.9,181
Daniela Forever,Romance,1h 53m,6.3,198
"Hello, Love, Again",Romance,2h 2m,6.8,785
My Name Is Loh Kiwan,Romance,2h 11m,6.7,4.3K
Love Across Time,Romance,N/A,7.2,377
Langue Étrangère,Romance,1h 41m,6.7,471
Love,Romance,1h 59m,7.3,260
Ashes,Romance,1h 40m,4.3,2.5K
Previously Saved Version,Romance,1h 57m,5.4,394
From Contract Lover to the Billionaire's Bride,Romance,1h 24m,7,487
Uranus 2324,Romance,2h 10m,6.6,4.7K
Another End,Romance,2h 9m,6.5,698
Love Reddy,Romance,2h 18m,8.2,2.3K
Now or Never!,Romance,N/A,2,17K
Snatched a Billionaire to Be My Husband,Romance,1h 10m,7.6,647
Haunted Heart,Romance,2h 8m,4.8,450
Love Switch,Romance,1h 29m,6,221
Passport to Love,Romance,1h 28m,6.2,390
Viva La Vida,Romance,2h 10m,7.5,781
Why Do You?,Romance,1h 43m,5.4,392
Black Tea,Romance,1h 50m,5.2,526
Intoxicated by Love,Romance,1h 58m,8.5,12K
Futra Days,Romance,1h 39m,4.2,136
The Groomsmen Last Dance,Romance,N/A,6.9,328
Pure Love,Romance,1h 49m,9.2,90
Boys on Film 24: Happy Endings,Romance,2h 54m,6.9,26
Eks,Romance,2h 1m,4.5,181
Stag,Romance,1h 27m,5.1,108
Love Is Never on Time,Romance,1h 50m,8.9,55
Hear Me: Our Summer,Romance,1h 49m,7.5,600
The Holiday Junkie,Romance,1h 28m,6.3,439
Wanted: Girlfriend,Romance,49m,4.1,216
Drawing Closer,Romance,1h 58m,7.6,2.4K
The Groomsmen: Second Chances,Romance,1h 24m,6.1,420
A Christmas Castle Proposal: A Royal in Paradise 2,Romance,N/A,6.4,323
Siddharth Roy,Romance,2h 28m,6.4,2.9K
A '90s Christmas,Romance,1h 30m,6,1.1K
Meet Me in Rome,Romance,1h 25m,4.9,357
Amar Singh Chamkila,Romance,2h 25m,7.8,16K
I Can Never Be Yours,Romance,N/A,8.6,114
Bonjour Tristesse,Romance,1h 50m,6,82
Christmas in the Spotlight,Romance,1h 27m,5.8,658
The Glassworker,Romance,1h 38m,7.6,1.5K
A Toast to Love,Romance,1h 29m,6.1,105
Dandelion,Romance,1h 53m,5.3,383
Art of Love,Romance,1h 39m,4.6,2.3K
Sicilian Holiday,Romance,1h 42m,4.9,10
Undergrads,Romance,1h 6m,5.6,41
0000 Kilometre,Romance,1h 50m,2.9,121
Ipar Adalah Maut,Romance,2h 11m,7,1.1K
She Taught Love,Romance,1h 42m,5.2,395
Three Secrets,Romance,1h 32m,4.4,45
Rasavathi,Romance,2h 28m,6.4,553
Duino,Romance,1h 48m,8.3,97
The Time of Fever,Romance,1h 41m,8,614
Miss You,Romance,2h 8m,6.2,3.1K
Mai,Romance,2h 11m,6.8,1.5K
The Glory of Life,Romance,1h 38m,6.6,415
The Great Gujarati Matrimony,Romance,2h 24m,7.9,78
3391 Kilometres,Romance,1h 50m,4.2,1.1K
C4 Cinta,Romance,2h 47m,8.6,117
Love Story,Romance,2h 5m,4.9,385
Perfect Match,Romance,1h 41m,6.6,332
Gharjwai,Romance,2h 14m,8.7,790
Albany Road,Romance,2h 15m,7.7,107
Sex Love Venice,Romance,1h 42m,5,305
Guilty Pleasure,Romance,1h 59m,6,39
The Holiday Exchange,Romance,1h 30m,5.6,399
A Circus Tale & a Love Song,Romance,1h 54m,5.9,102
Sweet Summer Love,Romance,1h 30m,6.4,55
The Swedish Torpedo,Romance,2h,6.4,131
He Loves Me Not,Romance,N/A,6.9,49
Blue Sun Palace,Romance,1h 56m,6.7,105
First Taste,Romance,1h 37m,4.5,150
Beauty and the Billionaire: Bali,Romance,1h 31m,5.9,188
A Vintage Christmas,Romance,N/A,6.5,346
The Mediterranean Sea,Romance,1h 48m,7.3,65
Svemu dodje kraj,Romance,1h 29m,6.7,250
Addition,Romance,1h 31m,8.2,28
Across the Sea,Romance,1h 52m,6.4,64
Santa's Cousin,Romance,N/A,7.9,25
Looking for Dr. Love,Romance,1h 25m,6,119
Love Syndrome: The Beginning,Romance,1h 30m,6,48
What Happened in My Black Boyfriend's Room,Romance,1h 2m,4.8,8
Dilan 1983,Romance,1h 56m,6.7,199
Heavens x Candy,Romance,1h 10m,5.9,38
El Hawa Sultan,Romance,2h 16m,6.6,619
Dhruvathaare,Romance,2h 45m,8.3,646
Paper Flowers,Romance,1h 40m,9,28
"Extraction, USA",Romance,N/A,7.5,51
Maple Leaf Dreams,Romance,1h 41m,4.6,76
Flat Blood,Romance,N/A,N/A,N/A
El Roomie,Romance,1h 39m,5.8,301
Los pequeños amores,Romance,1h 35m,6.3,345
Azzamine,Romance,1h 44m,8.4,98
Super Happy Forever,Romance,1h 34m,6.9,163
Enchanting Christmas,Romance,1h 31m,6.4,348
Elle & lui & le reste du monde,Romance,1h 25m,5.9,101
In Good Hands 2,Romance,1h 39m,5.3,909
Krista,Romance,58m,5.6,44
I Am the Secret in Your Heart,Romance,1h 52m,6,175
Alterlove,Romance,1h 30m,N/A,N/A
Fruitcake,Romance,1h 37m,5.4,118
Pantaskah Aku Berhijab,Romance,1h 54m,8.5,15
"Aire, Just Breathe",Romance,1h 38m,4.7,184
Last Song for You,Romance,1h 50m,7.3,88
Heartsping : Teenieping of Love,Romance,N/A,7.2,20
Occupied,Romance,1h 17m,N/A,N/A
Anyone But Her,Romance,1h 33m,4.9,274
Ek Anjaan Rishtey Ka Guilt 3,Romance,1h 44m,8,67
The Untold Story,Romance,N/A,6.4,17
A Bluegrass Christmas,Romance,1h 24m,6,225
Love Li,Romance,2h 48m,6.5,13K
Valentine's Town,Romance,1h 24m,5.2,181
Queens of Drama,Romance,1h 54m,6.4,170
Kahan Shuru Kahan Khatam,Romance,1h 47m,6.2,3.1K
A Merry Royal Christmas,Romance,1h 28m,5.2,138
The Holiday Club,Romance,1h 28m,6.6,343
A European Christmas,Romance,1h 30m,4.7,182
Ask Mevsimi,Romance,2h 6m,4.9,319
Explosions in My Heart,Romance,1h 45m,6.7,33
Life is Filled with So Much of You,Romance,1h 39m,8.1,14
A Man's Promise,Romance,N/A,7.2,41
Perdiendo el Juicio,Romance,N/A,7.2,17
Yo no soy esa,Romance,1h 35m,4.9,267
My Future You,Romance,1h 49m,8.5,44
Rose Rosy Te Gulab,Romance,2h 15m,5.8,294
Verliefd op Bali,Romance,1h 53m,5.1,287
Samana Sunrise,Romance,1h 40m,6.5,61
Kagojer Bou,Romance,1h 52m,6,23
Morando com o Crush,Romance,1h 30m,5.4,165
Ye xiao nü sheng,Romance,1h 50m,7.4,24
Saint Nick of Bethlehem,Romance,1h 33m,9.3,94
My Boyfriend Is a Sex Worker,Romance,50m,4.8,13
Ram Bharosey,Romance,N/A,9.5,32
The Property,Romance,1h 50m,7.5,50
Tuesday,Romance,N/A,4.3,9
Maru Mann Taru Thayu,Romance,2h 33m,7.7,20
Love Stuck,Romance,1h 56m,5.6,150
Rokjesnacht,Romance,1h 35m,4.9,214
Love's Second Act,Romance,N/A,5.4,183
X & Y,Romance,1h 41m,7,10
Onegin,Romance,2h 21m,7,1.2K
Vaagai,Romance,1h 59m,8.8,185
Dinda,Romance,1h 34m,7,36
Jatt & Juliet 3,Romance,2h 15m,5.4,1.8K
Badaa Saat Fi Yawman Ma,Romance,1h 40m,6.3,86
Do I Shock U Like Lightning,Romance,1h 37m,9.1,17
Seven Seas Seven Hills,Romance,1h 30m,8.6,85
"Love, Sitara",Romance,1h 45m,5.3,294
Joy of Horses,Romance,1h 30m,5.8,160
Boda Love,Romance,1h 47m,8.2,13
Fragments of Us,Romance,49m,8.3,8
Hearts Creek,Romance,1h 30m,5.8,112
Varshangalkku Shesham,Romance,2h 46m,6.6,4.1K
Visal Adare,Romance,2h,5.9,137
Ma chi ti conosce,Romance,1h 45m,5.9,128
The Umesh Chronicles,Romance,N/A,8.3,11
14 Days Love,Romance,1h 52m,7.5,8
Future Date,Romance,1h 22m,6.6,120
O Melhor Amigo,Romance,1h 36m,7.8,17
Kupu-Kupu Kertas,Romance,1h 53m,7,113
Ahl Al Kahf,Romance,2h,5.2,236
Happiness Is,Romance,1h 36m,3.8,288
Heartbreak Motel,Romance,1h 55m,7,286
Love Me If You Dare,Romance,2h 8m,4.3,467
The Proud Princess,Romance,1h 24m,7.1,97
Lyubov Sovetskogo Soyuza,Romance,2h 30m,5.1,242
Keluar Main 1994,Romance,1h 52m,7.8,47
Sihinayaki Adare,Romance,2h 30m,6.5,183
Every You Every Me,Romance,1h 48m,6.6,133
"María, Me Muero",Romance,1h 33m,5.4,63
Under Parallel Skies,Romance,1h 50m,5.6,777
Prabuthwa Junior Kalashala,Romance,2h 11m,7.2,2.1K
Vstretimsya vchera,Romance,1h 19m,6.4,339
Writing a Love Song,Romance,1h 25m,6.8,171
Honey Money Phony,Romance,1h 55m,6.2,163
Pranaya Godari,Romance,2h 28m,7.8,2.4K
Letuchiy korabl,Romance,1h 40m,3.7,286
Land of Broken Hearts,Romance,1h 40m,6.3,175
Ancika,Romance,1h 40m,6.8,766
Lobola Man,Romance,1h 48m,4.6,200
Dreaming of You,Romance,1h 35m,8.5,24
"Fool Me Once, Revenge on You",Romance,N/A,7,8
Little Hearts,Romance,2h 16m,5.8,2.2K
Kisko Tha Pata,Romance,2h 15m,7.4,14
Poppay Ki Wedding,Romance,2h 7m,8.8,75
Mor Chhainha Bhuinya 2,Romance,2h 40m,8.5,59
Umjolo: Day Ones,Romance,1h 26m,4,148
A Country Music Christmas,Romance,N/A,6.5,97
L'heureuse élue,Romance,1h 31m,5.4,176
The Heartbreak Agency,Romance,1h 34m,5.3,706
Could Have Waited for August,Romance,1h 52m,6.2,828
Günesi Söndürmem Gerek,Romance,1h 45m,3.5,175
Neelofar,Romance,N/A,8.7,14
Remember I am Dead,Romance,40m,N/A,N/A
Yolki 11,Romance,1h 32m,4.7,163
Election,Romance,2h,5.9,805
Premalo,Romance,2h 8m,7.3,1.1K
Keshava Chandra Ramavath,Romance,2h 13m,6.7,76
"Aku Jati, Aku Asperger",Romance,1h 28m,8.6,16
O2,Romance,1h 45m,6.7,7.9K
Taboo,Romance,N/A,7.4,134
Holiday for Hire,Romance,1h 24m,5.8,187
Letters at Christmas,Romance,1h 24m,3.7,167
Die Ironie des Lebens,Romance,1h 49m,6.6,66
À toute allure,Romance,1h 26m,5.3,156
Unn Sawali,Romance,N/A,7.9,11
Reversi,Romance,2h 15m,8.4,97
"LSD 2: Love, Sex Aur Dhokha 2",Romance,1h 59m,3.8,2.8K
Gelin Takimi,Romance,1h 49m,2.4,1.7K
Meeting Ms. Leigh,Romance,1h 57m,9.2,75
Christmas Overtime,Romance,1h 32m,5.2,20
Romance with My Vampire Brother,Romance,N/A,7.4,10
Parahuna 2,Romance,1h 55m,6.7,80
36-24-36,Romance,1h 58m,6.1,203
Komandir,Romance,2h 11m,6.3,512
Gili Gili Raat,Romance,1h 33m,5.7,12
Noche De Bodas,Romance,1h 30m,4.6,222
Khwaabon Ka Jhamela,Romance,1h 53m,6.1,104
I Don't Know,Romance,1h 38m,N/A,N/A
"Dao, Pho Va Piano",Romance,1h 40m,5.9,186
Double Blended,Romance,1h 27m,5.5,51
Christmas at Plumhill Manor,Romance,1h 27m,6.1,496
Éden & Charlie,Romance,45m,8.3,8
Seré breve al momento de morir,Romance,1h 18m,5.7,13
Swoon,Romance,1h 23m,6.1,12
Teasing Master Takagi-san Movie,Romance,1h 59m,6.7,274
Silent Love,Romance,1h 56m,6.3,333
Christmas on the Ranch,Romance,1h 26m,6.1,136
A Christmas Dream,Romance,1h 34m,4.5,47
My Sassy Girl,Romance,1h 57m,5,108
¿Vienes o Voy?,Romance,1h 34m,6.7,14
Reloaded 2,Romance,45m,8.1,996
Addy Daddy,Romance,1h 58m,8,24
Ondu Sarala Prema Kathe,Romance,2h 29m,7.5,711
Because I Love Bad Weather,Romance,1h 40m,6.3,128
Funmilayo Ransome-Kuti,Romance,1h 31m,8.5,93
Goreyan Naal Lagdi Zameen Jatt Di,Romance,1h 48m,7.7,27
Sevmek Yüzünden,Romance,1h 44m,3.6,611
A Fragile Flower,Romance,1h 36m,8.5,1.6K
We Are Faheem & Karun,Romance,1h 21m,9.4,46
Listy do M. Pozegnania i powroty,Romance,2h 3m,6,306
Mi Perfecto Ex,Romance,1h 23m,7.4,19
Murphy,Romance,2h 16m,7.3,2.4K
How to Make Her Leave,Romance,N/A,N/A,N/A
Sunlight,Romance,1h 36m,7.8,16
Shooting My Life's Script,Romance,1h 35m,6.2,333
Amar Prem Ki Prem Kahani,Romance,1h 57m,4.4,628
Welcome to My Side,Romance,1h 42m,7.1,80
Uang Panai' 2 Maha(r)l,Romance,1h 46m,7.7,40
Nikdo me nemá rád,Romance,1h 24m,5.8,36
To potami,Romance,1h 33m,6.3,10
Momma's Boy,Romance,1h 45m,3.8,46
Movie Given Hiiragi Mix.,Romance,1h 10m,7.4,130
Buk Poketer Golpo,Romance,1h 35m,7.9,205
Teriyaan Meriyaan Hera Pheriyan,Romance,2h 5m,6.7,75
Hold Me Close,Romance,1h 38m,6.6,9
"Chances Are, You and I",Romance,2h 12m,6.1,104
Rajkumar,Romance,2h 25m,7.3,2.6K
Meeting Funmi's Parents,Romance,N/A,8.6,15
Kuch Sapney Apne,Romance,2h,8,47
Mr and Mrs Bachelor,Romance,N/A,N/A,N/A
Powder Pup,Romance,1h 29m,6.2,73
Young Lion of the West,Romance,1h 33m,8.1,105
Kacher Manush Dure Thuiya,Romance,2h 24m,7.9,1.1K
Hong lou meng,Romance,2h,3.5,18
3. Gun,Romance,N/A,3.9,127
Rador Pakhi (Morning Sunshine),Romance,2h 9m,N/A,N/A
Sign Here,Romance,1h 40m,6.2,242
Aaram Aravinda Swamy,Romance,2h 12m,9.3,326
Sureshinteyum Sumalathayudeyum Hridayahariyaya Pranayakatha,Romance,2h 18m,5.9,82
Nikoga ne e prosto seks,Romance,N/A,4.8,49
"Love, Wine & Salt: A Tuscan Romance",Romance,N/A,7.1,15
"Step Back, Doors Closing",Romance,1h 38m,9.2,36
Buzzy Noise,Romance,1h 59m,6,47
Gebokste Liefde,Romance,N/A,N/A,N/A
Rabb Da Radio 3,Romance,2h 2m,6.8,6
Kajolrekha,Romance,2h 36m,6.3,169
Artist Unknown,Romance,1h 22m,9.1,10
A Heart for Christmas,Romance,1h 31m,7.5,99
Skinny Love,Romance,1h 32m,8.3,83
Ibbani Tabbida Ileyali,Romance,2h 40m,7.4,828
Shesh Rokkha,Romance,1h 49m,5,16
The Architecture of Love,Romance,1h 50m,6.9,469
Moments We Shared,Romance,2h 11m,5.4,118
Marriage Mansion,Romance,N/A,9.1,22
40,Romance,1h 43m,4.8,18
Coven of the Black Cube,Romance,1h 37m,8.3,18
Lady Outlaw,Romance,1h 44m,6.8,16
The Gifts of Christmas,Romance,N/A,5.9,17
Gingersnap Christmas,Romance,N/A,4.8,25
Bed & Breakfast,Romance,1h 23m,6.2,199
"Sampai Nanti, Hanna!",Romance,1h 50m,7.3,261
Haunted Happy Hour,Romance,1h 29m,7.9,12
Pon Ondru Kanden,Romance,2h,5.7,264
Sihina Nelum Mal,Romance,1h 45m,8,29
Usha Parinayam,Romance,2h 24m,9,2.1K
All's Fair in Love,Romance,1h 55m,6.3,16
DeAr,Romance,2h 12m,5.1,1.3K
Pretty Boys,Romance,1h 7m,5.4,33
A Teacher's Gift,Romance,N/A,N/A,N/A
¿Quién quiere casarse con un Astronauta?,Romance,1h 34m,8.4,8
Assisting Venus,Romance,1h 40m,6.2,27
A Soweto Love Story,Romance,1h 41m,4.4,281
Stranded Pearl,Romance,1h 30m,6,26
Maybe Forever,Romance,N/A,7.9,30
Oshana,Romance,2h 29m,5.8,791
My Zombabe,Romance,1h 45m,5.1,77
Lost & Found You,Romance,N/A,6.9,15
Eating Me Up,Romance,1h 44m,8.6,289
Our Christmas House,Romance,1h 17m,5.4,44
Once Upon A Love Story,Romance,2h 15m,7.6,76
Vidya Vasula Aham,Romance,1h 42m,6.5,91
My Crazy Rich Girlfriend,Romance,N/A,N/A,N/A
Once Upon a Honeymoon,Romance,1h 49m,6.8,21
Lyubov zla,Romance,1h 23m,6.2,395
Our Church Thinks We're Dating,Romance,1h 42m,7.5,59
Neath's Love Story,Romance,1h 46m,7.7,49
The Little Things,Romance,1h 30m,7.7,39
Lyod 3,Romance,2h 14m,6,292
SottoCoperta,Romance,1h 36m,7.6,74
Cinta Tak Seindah Drama Korea,Romance,1h 58m,7.2,45
A Christmas of Wonders,Romance,1h 26m,4.8,120
10 Pasimatymu,Romance,1h 39m,6.3,21
Dhaaak,Romance,2h 8m,8.6,24
The Number,Romance,1h 32m,N/A,N/A
Conclave,Thriller,2h,7.4,127K
Sep-05,Thriller,1h 35m,7.1,19K
The Order,Thriller,1h 56m,6.8,36K
The Surfer,Thriller,1h 43m,6.6,586
Eden,Thriller,2h,6.1,780
Subservience,Thriller,1h 46m,5.4,26K
The Seed of the Sacred Fig,Thriller,2h 47m,7.6,12K
Joker: Folie à Deux,Thriller,2h 18m,5.2,156K
Wolfs,Thriller,1h 48m,6.5,78K
Dead Money,Thriller,1h 40m,5.9,487
Cold Wallet,Thriller,1h 33m,5.2,378
Lucky Baskhar,Thriller,2h 28m,8,29K
Cellar Door,Thriller,1h 37m,5.3,3.4K
Fear,Thriller,1h 55m,8.6,2.7K
Slingshot,Thriller,1h 48m,5.7,8.6K
The Last Breath,Thriller,1h 36m,4.7,1.9K
Bonhoeffer: Pastor. Spy. Assassin.,Thriller,2h 13m,6.3,3.3K
Mothers' Instinct,Thriller,1h 34m,6.3,20K
2073,Thriller,1h 25m,5.1,1.6K
The One That Got Away,Thriller,56m,5.8,6
Undercover,Thriller,1h 40m,7.2,3.5K
Amber Alert,Thriller,1h 30m,6,5.3K
Black Dog,Thriller,1h 56m,7.2,2.2K
Bring Them Down,Thriller,1h 46m,6.8,859
The Calendar Killer,Thriller,1h 37m,5.5,3.9K
The Wasp,Thriller,1h 36m,6.1,4.1K
Inside,Thriller,1h 44m,7,207
Mørkeland,Thriller,1h 39m,6.2,863
The Luckiest Man in America,Thriller,1h 30m,6.9,77
Bad Genius,Thriller,1h 36m,6.2,2.1K
The Painter,Thriller,1h 40m,4.7,2.2K
Breathe,Thriller,1h 33m,4.2,7K
Waves,Thriller,2h 11m,8.2,1.4K
Santosh,Thriller,2h 8m,7,1.4K
Rich Flu,Thriller,1h 56m,7.7,3.8K
Mea Culpa,Thriller,2h,4.2,6.9K
Sector 36,Thriller,2h 3m,7.1,25K
Dead Sea,Thriller,1h 28m,5.3,5.2K
Bedspacer,Thriller,1h 30m,4.4,330
Bogota: City of the Lost,Thriller,1h 48m,5.4,1.8K
The Silent Planet,Thriller,1h 35m,4.7,151
Relay,Thriller,1h 52m,7.5,96
Vanished Into the Night,Thriller,1h 32m,5.2,4.6K
Clear Cut,Thriller,1h 28m,3.7,518
Here Now,Thriller,1h 58m,4.9,260
Lake George,Thriller,1h 58m,6.4,830
Way Home,Thriller,1h 38m,6.7,656
Maharaj,Thriller,2h 11m,6.5,15K
Everyone Is Going to Die,Thriller,1h 24m,6,69
Magpie,Thriller,1h 30m,6.1,2.4K
The Bad Shepherd,Thriller,1h 31m,4.3,741
Tyler Perry's Divorce in the Black,Thriller,2h 23m,4.6,3.5K
Detained,Thriller,1h 37m,4.9,1.4K
The Intruder,Thriller,1h 41m,4.7,487
Laws of Man,Thriller,1h 38m,4.1,319
The Contract,Thriller,1h 45m,6.4,53
Last Night on Earth,Thriller,1h 26m,4.8,314
Taboo: Family Secrets,Thriller,1h 35m,7.9,725
Sons,Thriller,1h 40m,6.5,1.6K
Konchitsya leto,Thriller,1h 58m,7.2,89
Ghost Trail,Thriller,1h 46m,6.7,713
My Nanny Stole My Life,Thriller,N/A,5.4,130
Manjummel Boys,Thriller,2h 15m,8.2,27K
Motel Destino,Thriller,1h 55m,6.6,1.6K
Barron's Cove,Thriller,1h 56m,8,28
The Paradise of Thorns,Thriller,2h 11m,7.7,1.1K
Trapped Inn,Thriller,1h 55m,2.8,877
A Mistake,Thriller,1h 41m,5.5,717
McVeigh,Thriller,1h 30m,6.8,62
Parallel,Thriller,1h 28m,5.3,1.9K
CTRL,Thriller,1h 39m,6.2,5.9K
Stolen,Thriller,1h 45m,5.7,2.2K
Decoded,Thriller,2h 36m,5.8,406
The Sabarmati Report,Thriller,2h 7m,6.4,24K
Sugar Baby,Thriller,1h 28m,4.5,189
Ulajh,Thriller,2h 30m,6,24K
Lazareth,Thriller,1h 26m,4.4,897
Bosco,Thriller,1h 39m,5.6,3.9K
King Ivory,Thriller,2h 10m,7.2,60
Shadow Land,Thriller,1h 29m,3.6,445
Spirit in the Blood,Thriller,1h 38m,4.7,356
Race for Glory: Audi vs. Lancia,Thriller,1h 49m,5.8,4.6K
Guns & Moses,Thriller,1h 34m,8.2,38
Boundless,Thriller,2h 1m,5.6,1.8K
The Diary,Thriller,1h 22m,4.9,876
Steal Her Breath,Thriller,1h 50m,6,60
Shoutai,Thriller,2h,6.8,458
Restless,Thriller,1h 29m,7,66
The Smile Man,Thriller,2h 2m,7.7,1.5K
1 Million Followers,Thriller,1h 41m,4.8,650
Electra,Thriller,1h 25m,7.3,23
The Good Teacher,Thriller,1h 31m,6.6,1.8K
Three Kilometres to the End of the World,Thriller,1h 45m,7,828
Death Down the Aisle,Thriller,1h 30m,5.2,136
Beyond the Rush,Thriller,1h 34m,8.2,373
Out of Control,Thriller,1h 51m,6,92
To a Land Unknown,Thriller,1h 45m,7.3,422
Footage,Thriller,2h 4m,6.3,2.4K
He Ain't Heavy,Thriller,1h 42m,6,348
The Cut,Thriller,1h 39m,7,93
Steppenwolf,Thriller,1h 42m,6.5,236
The Long Game,Thriller,1h 28m,7.8,52
Sharp Corner,Thriller,1h 50m,7.3,75
Hard Home,Thriller,1h 27m,4,523
Maid Droid Origins,Thriller,1h 36m,2.9,307
Disciples in the Moonlight,Thriller,2h 6m,3.8,625
Reawakening,Thriller,1h 30m,6.3,249
Butas,Thriller,1h 52m,4.8,125
Despatch,Thriller,2h 33m,4.4,4.4K
Blink,Thriller,2h 16m,7,1.5K
Last Known Location,Thriller,1h 50m,6.3,1.3K
Beacon,Thriller,1h 36m,5.8,392
Maldoror,Thriller,2h 35m,7.1,530
Fluxx,Thriller,N/A,7.8,38
Hijack '93,Thriller,1h 27m,3.8,837
Protocol-7,Thriller,1h 38m,4.9,259
Junction,Thriller,1h 38m,5.2,308
Black Eyed Susan,Thriller,1h 25m,5,301
She Came Back,Thriller,1h 23m,5.4,84
Frankenstein: Legacy,Thriller,1h 41m,3.6,197
They Whisper,Thriller,1h 30m,5.1,50
Love Bomb,Thriller,1h 15m,3,250
All the Lost Ones,Thriller,1h 45m,3.8,225
Sweet Simona,Thriller,1h 28m,5.3,132
Blue Lock: Episode Nagi,Thriller,1h 31m,6.6,2.4K
From Embers,Thriller,1h 39m,4.8,127
"Pooja, Sir",Thriller,1h 55m,6.4,708
Eat the Night,Thriller,1h 46m,6.2,408
Stranger in the Woods,Thriller,1h 22m,3.5,1.3K
Rest in Peace,Thriller,1h 45m,5.8,2.3K
Belle,Thriller,1h 40m,5.8,13
Altered Reality,Thriller,1h 39m,6.2,63
Legally Veer,Thriller,2h 22m,8.1,4.7K
Lioness,Thriller,1h 44m,7.9,152
Serpent's Path,Thriller,1h 52m,5.8,272
Drone,Thriller,1h 50m,5.5,178
Unexposed,Thriller,1h 3m,7.6,61
Thiru.Manickam,Thriller,2h 2m,8.8,2.5K
The Correspondent,Thriller,1h 59m,8.6,10
Tacoma,Thriller,1h 43m,3.5,166
Balestra,Thriller,2h 25m,5.1,503
The Death That Awaits,Thriller,1h 42m,6.1,562
Boksi Ko Ghar,Thriller,1h 56m,8,835
Unit 234,Thriller,1h 26m,5.5,272
Scorched Earth,Thriller,1h 41m,6.7,495
Visfot,Thriller,2h 10m,5.7,1.1K
Stranger Eyes,Thriller,2h 5m,6.5,255
Grassland,Thriller,1h 28m,8.8,54
The Path,Thriller,N/A,7.3,75
Broken Innocence,Thriller,N/A,5.2,339
In Flight,Thriller,N/A,4.8,56
Once Upon a Time in Hollyweird,Thriller,1h 30m,2,147
The Wingwalker,Thriller,1h 57m,7.1,169
The Shameless,Thriller,1h 54m,5.6,186
Miki,Thriller,1h 46m,6.6,931
The School Duel,Thriller,1h 30m,9,52
The Lady of the Lake,Thriller,1h 27m,2.5,181
Transplant,Thriller,1h 33m,8.2,16
